project,repo,function,file,outcome,reasoning,lines,Julien's classification,Julien's human expert reasoning justification,exist_in_dataset,test_to_exclude,to_extend,,,new_predictions_not_in_dataset,label,exposed
openssl,https://github.com/openssl/openssl.git,async_start_func,crypto/async/async.c,NT,"Fiber coroutine with a bare while(1) loop (line 159) containing no break, return, or goto. The only nominal exit is async_fibre_swapcontext suspending the fiber; on resumption execution returns to the top of the loop. The fiber is designed as an infinite dispatcher and can only be retired by destroying its context externally.",150-175,NT,"Legit intended NT, concurrency code handling thread handler that is not supposed to terminate",TRUE,FALSE,FALSE,,,0.880794702,INTENDED,
openssl,https://github.com/openssl/openssl.git,assist_thread_main,ssl/quic/quic_thread_assist.c,NT,"QUIC assist-thread worker with a for(;;) loop (line 31) that blocks on ossl_crypto_condvar_wait_timeout each iteration. The only exit condition checks qta->teardown, a flag set exclusively by an external caller via ossl_quic_thread_assist_stop_async(). Without that external signal the thread blocks and loops forever.",20-63,NT,"Legit intended NT, concurrency code handling thread handler that is not supposed to terminate",FALSE,FALSE,TRUE,,,,INTENDED,
openssl,https://github.com/openssl/openssl.git,do_server,apps/lib/s_socket.c,NT,"for(;;) accept loop (line 401) that breaks only when naccept reaches 0 or the callback returns negative. When called with naccept == -1 (unlimited server mode, the default for s_server), naccept is never decremented due to an explicit guard, so the break condition is unreachable and the loop runs for the application lifetime.",295-469,NT,Legit intended NT - note: this is a legit intended NT in a library function callable by the user.,FALSE,FALSE,TRUE,,,,INTENDED,EXPOSED
openssl,https://github.com/openssl/openssl.git,bn_x931_derive_pi,crypto/bn/bn_x931p.c,NT,"for(;;) prime search loop (line 31) with no iteration counter. The return value of BN_GENCB_call is explicitly ignored, so even a user-supplied abort callback cannot stop the loop. Termination relies solely on randomly finding a prime, with no upper bound on attempts.",23-45,UNT,"Legitimate - possibly unintended. If function is called with Xpi = an even number, the function will not terminate",FALSE,FALSE,TRUE,,,,LATENT,EXPOSED
openssl,https://github.com/openssl/openssl.git,generate_q_fips186_4,crypto/ffc/ffc_params_generate.c,NT,"for(;;) prime-q search loop (line 329) with no iteration bound. When cb is NULL, BN_GENCB_call(NULL,...) always returns 1, providing no abort path. Termination is purely probabilistic — the loop continues until a valid prime q is randomly sampled.",313-383,UNT,"Legitimate - possibly unintended. If function is called with Xpi = an even number, the function will not terminate",FALSE,FALSE,TRUE,,,,LATENT,EXPOSED
openssl,https://github.com/openssl/openssl.git,generate_q_fips186_2,crypto/ffc/ffc_params_generate.c,NT,"FIPS 186-2 variant of the same unbounded prime-q search (for(;;) at line 400). Identical reasoning: BN_GENCB_call(NULL,...) always returns 1, no iteration counter exists, and termination depends entirely on the probabilistic prime search succeeding.",389-447,UNT,"Legitimate - possibly unintended. If function is called with Xpi = an even number, the function will not terminate",FALSE,FALSE,TRUE,,,,LATENT,EXPOSED
openssl,https://github.com/openssl/openssl.git,ossl_synchronize_rcu,crypto/threads_pthread.c,NT,Two no-timeout blocking patterns in the same function: (1) a do{...}while(count!=0) busy-spin (lines 523-525) waiting for all RCU readers to drain their users counter — if any reader never calls ossl_rcu_read_unlock the spin never exits; (2) a pthread_cond_wait inside while(next_to_retire!=curr_id) (lines 511-512) with no timeout enforcing in-order retirement — blocks forever if an earlier writer stalls.,511-525,NT,Intended non termination (concurrency code),TRUE,FALSE,FALSE,,,,INTENDED,
openssl,https://github.com/openssl/openssl.git,ossl_synchronize_rcu,crypto/threads_win.c,NT,Windows counterpart of the same two-pattern RCU synchronization: (1) do{...}while(count!=0) busy-spin (lines 390-392) draining RCU readers with no timeout; (2) ossl_crypto_condvar_wait inside while(next_to_retire!=curr_id) (lines 386-387) enforcing in-order retirement with no timeout. Both block forever if a reader or earlier writer stalls.,386-392,NT,Variant of intended non termination for another OS,FALSE,FALSE,TRUE,,,,INTENDED,
openssl,https://github.com/openssl/openssl.git,update_qp,crypto/threads_pthread.c,NT,"pthread_cond_wait inside while(lock->group_count - lock->writers_alloced < 2) (line 429-431) with no timeout, waiting for a free RCU quiescent-point slot. If all slots are held by stalled or crashed writer threads that never call retire_qp, this blocks indefinitely.",429-431,NT,Intended non termination (concurrency code),TRUE,FALSE,FALSE,,,,INTENDED,
openssl,https://github.com/openssl/openssl.git,update_qp,crypto/threads_win.c,NT,Windows counterpart: ossl_crypto_condvar_wait inside the same while(group_count - writers_alloced < 2) condition (lines 326-328) with no timeout. Identical deadlock risk — blocks forever if all RCU writer slots are occupied by threads that never retire.,326-328,NT,Variant of intended non termination for another OS,FALSE,FALSE,TRUE,,,,INTENDED,
openssl,https://github.com/openssl/openssl.git,ossl_crypto_thread_native_join,crypto/thread/arch.c,NT,"Two consecutive ossl_crypto_condvar_wait calls with no timeout: (1) while(!CRYPTO_THREAD_GET_STATE(thread, req_state_mask)) at line 56-57 waits for a child thread to reach FINISHED/JOINED; (2) while(CRYPTO_THREAD_GET_STATE(thread, CRYPTO_THREAD_JOIN_AWAIT)) at lines 63-68 waits for a concurrent join to complete. If the child thread itself blocks forever, neither wait ever returns.",56-68,NT,Intended non termination (concurrency code),FALSE,FALSE,TRUE,,,,INTENDED,
openssl,https://github.com/openssl/openssl.git,ossl_crypto_thread_start,crypto/thread/internal.c,NT,"ossl_crypto_condvar_wait inside while(_ossl_get_avail_threads(tdata)==0) (lines 55-56) with no timeout, waiting for a thread pool slot to become free. If the maximum number of threads are all blocked indefinitely in network I/O or other blocking operations, no slot is ever released and this call never returns.",55-56,NT,Intended non termination (concurrency code),FALSE,FALSE,TRUE,,,,INTENDED,
openssl,https://github.com/openssl/openssl.git,sv_body,apps/s_server.c,NT,"Per-connection for(;;) read-write loop. On non-DTLS paths select(width, &readfds, NULL, NULL, timeoutp) is called with timeoutp=NULL (no timeout), blocking indefinitely for client data or stdin. The loop exits only on explicit quit command, SSL shutdown, or error — no idle connection timeout exists.",2857-3100,NT,"Intended infinite loop in a server top level with while (1) select() with a timeout, but the timeout is reset to 1s over and over again",FALSE,FALSE,TRUE,,,,INTENDED,EXPOSED
openssl,https://github.com/openssl/openssl.git,www_body,apps/s_server.c,NT,"for(;;) HTTP-mode BIO read loop (lines 3522-3547) that on retry calls OSSL_sleep(1000) and continues with no maximum retry count and no connection timeout. Additionally contains select(width, &readfds, NULL, NULL, NULL) at line 3574 with a NULL timeout blocking for a renegotiation ClientHello — if the peer never responds, this blocks forever.",3522-3574,UNT,"Multiple non-termination conditions, including a path leading to sleep(1000) and retry, which does not seem safe programming",FALSE,FALSE,TRUE,,,,LATENT,EXPOSED
openssl,https://github.com/openssl/openssl.git,RAND_query_egd_bytes,crypto/rand/rand_egd.c,NT,"for(;;) connect-retry loop (lines 136-174) that retries on EINTR, EAGAIN, EINPROGRESS, and EALREADY without an attempt counter or timeout. On a pathological or looping kernel returning EALREADY indefinitely, the loop never exits through its normal break paths.",136-174,UNT,New issue! Need to use a fuel pattern to avoid trying to connect forever,FALSE,FALSE,TRUE,,,,MANIFEST,
openssl,https://github.com/openssl/openssl.git,get_hold_current_qp,crypto/threads_pthread.c,NT,"for(;;) lock-free spin loop (lines 295-319) that atomically increments the RCU reader user-count, retrying if the reader index changes between the load and the increment. Under sustained high write-side pressure causing constant reader_idx churn, a reader thread can spin indefinitely with no bound or backoff.",295-319,NT,Intended non termination due to concurrency,FALSE,FALSE,TRUE,,,,INTENDED,
libxml2,https://github.com/GNOME/libxml2.git,xmllintShell,shell.c,NT,Interactive REPL shell loop (while(1)) that only exits when readline returns NULL (stdin EOF / Ctrl-D) or the user types exit/quit/bye. All exit paths require external user input; the function runs for the lifetime of the process.,1106-1536,NT,Intended non termination readline interface,FALSE,FALSE,TRUE,,,,INTENDED,EXPOSED
libxml2,https://github.com/GNOME/libxml2.git,usershell,xmlcatalog.c,NT,Interactive catalog query REPL loop (while(1)) that only exits when xmlShellReadline returns NULL (stdin EOF) or the user types exit/quit/bye. All exit paths require external user input; the function runs for the lifetime of the process.,113-300,NT,Intended non termination readline interface,FALSE,FALSE,TRUE,,,,INTENDED,EXPOSED
libxml2,https://github.com/GNOME/libxml2.git,xmlRMutexLock,threads.c,NT,"pthread_cond_wait called inside a while(tok->held) loop with no timeout and no internal cancellation path. tok->held is set to 0 only by xmlRMutexUnlock via pthread_cond_signal. If the lock holder deadlocks or exits abnormally without unlocking, the waiting thread blocks indefinitely.",233-257,NT,Intended non termination concurrency,TRUE,FALSE,FALSE,,,,INTENDED,
libxml2,https://github.com/GNOME/libxml2.git,testThread,runtest.c,NT,"WaitForMultipleObjects(num_threads, tid, TRUE, INFINITE) blocks with an infinite timeout waiting for all spawned worker threads. If any worker thread hangs due to a deadlock or infinite loop inside libxml2, this call never returns; no fallback or timeout path exists.",4561-4600,Test,Excluded - Intended non termination on windows in test code,FALSE,TRUE,FALSE,,,,INTENDED,
libxml2,https://github.com/GNOME/libxml2.git,xmlOutputBufferWriteEscape,xmlIO.c,NT,"Loop-variable bug: while(len > 0) advances str and decrements len by c_in bytes consumed by the user-supplied escaping callback. If the callback returns a non-negative value but sets c_in=0 (zero bytes consumed), neither str nor len is ever updated and the loop spins forever. The escaping callback is user-settable via xmlSaveSetEscape with no zero-progress guard.",2488-2546,UNT,(defense in depth - good to fix) Relies on a user supplied callback that may return c_in = 0 and thus the loop would make no progress,FALSE,FALSE,TRUE,,,,LATENT,EXPOSED
cryptopp,https://github.com/weidai11/cryptopp.git,MihailescuProvablePrime,nbtheory.cpp,NT,The outer while(true) loop (line 460) has no break statement; the only exit path is a return inside the inner while(sieve.NextCandidate(p)) loop (line 472). If every sieve window yields no provable primes the inner loop exhausts without returning and the outer loop re-randomizes and retries indefinitely. The comment '// not reached' on line 479 explicitly acknowledges that the function never falls through past the loop.,460-477,UNT,Prime number generation is not guaranteed to finish by code as DoSieve() can be called recursively  if no prime are found.,FALSE,FALSE,TRUE,,,,LATENT,EXPOSED
cryptopp,https://github.com/weidai11/cryptopp.git,BlockingRng::GenerateBlock,osrng.cpp,NT,Reads from /dev/random (a blocking entropy device) inside a while(size) loop with sleep(1) between partial reads. On many Unix systems /dev/random blocks indefinitely when the kernel entropy pool is exhausted; the code comment explicitly notes 'on some systems /dev/random will block until all bytes are available'. The loop has no timeout or internal exit condition other than completing the full requested size; if the OS never delivers sufficient entropy the function never returns.,276-297,UNT,Extracting randomness could block if not all randomness entropy is available on the system,FALSE,FALSE,TRUE,,,,INTENDED,
bind9,https://gitlab.isc.org/isc-projects/bind9.git,loop_thread,lib/isc/loop.c,NT,"Per-CPU worker thread entry point that calls uv_run(&loop->loop, UV_RUN_DEFAULT), which runs the libuv event loop indefinitely until all active handles are closed. Termination only occurs when isc_loopmgr_shutdown() is called externally (via SIGTERM/SIGINT), firing uv_async_send on the shutdown_trigger. No local timeout or bounded iteration — blocks for the entire server lifetime.",295-340,NT,Intended non termination concurrency: signal  expected to stop the loop,FALSE,FALSE,TRUE,,,,INTENDED,
bind9,https://gitlab.isc.org/isc-projects/bind9.git,helper_thread,lib/isc/loop.c,NT,"Companion helper thread launched per loop worker. Calls uv_run(&helper->loop, UV_RUN_DEFAULT) running its libuv event loop indefinitely. Terminates only when the parent loop_thread sends uv_async_send(&helper->shutdown_trigger) after its own uv_run returns. No timeout or local bound; runs for the full lifetime of the associated loop thread.",275-292,NT,Intended non termination concurrency: signal expected to stop the loop,FALSE,FALSE,TRUE,,,,INTENDED,
bind9,https://gitlab.isc.org/isc-projects/bind9.git,isc_loopmgr_run,lib/isc/loop.c,NT,Server main-loop entry point called from named's main(). Spawns N-1 loop_thread worker pthreads and becomes loop_thread for loop[0] itself. Blocks the main thread indefinitely inside uv_run(UV_RUN_DEFAULT); the function does not return until the entire server shuts down via external SIGTERM/SIGINT.,486-512,NT,Intended non termination to start the main thread loop,FALSE,FALSE,TRUE,,,,INTENDED,
bind9,https://gitlab.isc.org/isc-projects/bind9.git,pause_loop,lib/isc/loop.c,NT,"Implements exclusive-mode pausing by calling isc_barrier_wait(&loopmgr->pausing), which maps to pthread_barrier_wait with no timeout. Each thread blocks here indefinitely until ALL other loop and helper threads also reach the barrier. No local exit condition and no deadline — termination entirely depends on all peer threads arriving.",94-101,NT,Intended non termination due to uv_barrier_wait() call,FALSE,FALSE,TRUE,,,,INTENDED,
bind9,https://gitlab.isc.org/isc-projects/bind9.git,resume_loop,lib/isc/loop.c,NT,"Counterpart to pause_loop. Calls isc_barrier_wait(&loopmgr->resuming), a pthread_barrier_wait with no timeout. All N×2 threads (loop + helper threads) must reach this barrier before any can proceed. Blocks indefinitely if any peer thread stalls before calling resume_loop — no deadline or local exit condition.",103-111,NT,Intended non termination due to uv_barrier_wait() call,FALSE,FALSE,TRUE,,,,INTENDED,
bind9,https://gitlab.isc.org/isc-projects/bind9.git,isc_rwlock_rdlock,lib/isc/rwlock.c,NT,"Read-lock acquisition using the C-RW-WP algorithm. Contains an outer while(true) at line 144 and an inner spin-loop while(writers_lock_islocked(rwl)){isc_pause();} at line 154. Neither loop body modifies writers_lock; isc_pause() is only a CPU hint (x86 PAUSE/ARM YIELD), not a timed sleep. If a writer holds the lock indefinitely, this function never returns.",137-167,NT,Intended non termination concurrency code,FALSE,FALSE,TRUE,,,,INTENDED,
bind9,https://gitlab.isc.org/isc-projects/bind9.git,read_indicator_wait_until_empty,lib/isc/rwlock.c,NT,"Internal rwlock helper that spins indefinitely: while(true){if(read_indicator_isempty(rwl))break; isc_pause();}. Waits for all current readers to depart (readers_ingress==readers_egress). No timeout or deadline. If any reader thread stalls after incrementing readers_ingress but before decrementing readers_egress, this loop never terminates.",221-230,NT,intended non termination concurrency code,TRUE,FALSE,FALSE,,,,INTENDED,
bind9,https://gitlab.isc.org/isc-projects/bind9.git,isc_rwlock_wrlock,lib/isc/rwlock.c,NT,"Write-lock acquisition with three sequential unbounded spin-loops: (1) while(writers_barrier_israised(rwl)){isc_pause();} at line 237; (2) while(!writers_lock_acquire(rwl)){isc_pause();} at line 242; (3) a call to read_indicator_wait_until_empty(). All three wait on external atomic state never modified locally. If a competing writer or stuck reader never makes progress, the function does not terminate.",232-249,NT,intended non termination concurrency code,TRUE,FALSE,FALSE,,,,INTENDED,
bind9,https://gitlab.isc.org/isc-projects/bind9.git,fuzz_thread_client,bin/named/fuzz.c,NT,"AFL fuzzing driver thread for UDP client mode. After sending each packet it blocks on while(!ready){pthread_cond_wait(&cond,&mutex);} with no timeout, waiting for named_fuzz_notify() to be called externally. If named crashes, hangs, or fails to notify, the thread blocks forever.",54-163,NT,intended non termination concurrency *test* code,FALSE,FALSE,TRUE,,,,INTENDED,
bind9,https://gitlab.isc.org/isc-projects/bind9.git,fuzz_thread_resolver,bin/named/fuzz.c,NT,"AFL fuzzing driver thread for DNS resolver mode. Contains the same unbounded condvar wait: while(!ready){pthread_cond_wait(&cond,&mutex);} with no timeout. Blocks until named_fuzz_notify() is called externally to signal completion of resolver processing. If named fails to notify, the thread blocks indefinitely.",182-589,NT,intended non termination concurrency  *test* code,FALSE,FALSE,TRUE,,,,INTENDED,
bind9,https://gitlab.isc.org/isc-projects/bind9.git,fuzz_thread_tcp,bin/named/fuzz.c,NT,"AFL fuzzing driver thread for TCP/HTTP/RNDC mode. Contains two NT patterns: (1) while(!ready){pthread_cond_wait(&cond,&mutex);} with no timeout waiting for named_fuzz_notify(); (2) do{connect();if(r!=0)usleep(10000);}while(r!=0) — an unbounded connect-retry loop with no attempt counter that never terminates if the server port is permanently unavailable.",600-720,NT,intended non termination (concurrency) *test* code,FALSE,FALSE,TRUE,,,,INTENDED,
freeimage,https://github.com/danoli3/FreeImage.git,SearchColorNoIdx,Source/LibWebP/src/enc/vp8l_enc.c,NT,"Binary search while(1) loop has no termination when the target color is absent from sorted[]. When low+1==hi and sorted[low]<color, mid computes to low so the assignment low=mid makes no progress. The function has no break or exit for the not-found case and relies entirely on the caller's precondition that color always exists in the array; a violation causes an infinite loop.",72-81,UNT,"Unintended non termination - go on forever until the color is found in the array, but the array could not contain the color at all. Precondition depends on caller function:  static int EncodeStreamHook(void* input, void* data2) that calls several intermediate functions before arriving on SearchColorNoIdx",FALSE,FALSE,TRUE,,,,LATENT,EXPOSED
freeimage,https://github.com/danoli3/FreeImage.git,Load,Source/FreeImage/PluginIFF.cpp,NT,"PackBits RLE8 BODY-chunk decoder: the while(number_of_bytes_written < line) loop reads one byte per iteration into rle_count (return value unchecked). When rle_count==128 (the PackBits noop opcode), neither the <128 literal-copy branch nor the >128 run-length branch fires, so number_of_bytes_written is never incremented. A crafted or malformed IFF file that continuously emits 0x80 bytes causes the loop to consume file bytes without advancing its termination variable, resulting in an infinite loop.",306-322,UNT,Good new bug! Program never finishes if the file keeps feeding it 0x80 bytes,FALSE,FALSE,TRUE,,,,LATENT,EXPOSED
freeimage,https://github.com/danoli3/FreeImage.git,Load,Source/FreeImage/PluginIFF.cpp,NT,"ILBM interlaced PackBits unpacker: inner for(unsigned x=0; x<src_size;) loop has no automatic increment; x is only advanced inside the t>=0 or t!=-128 branches. When t==-128 (the documented noop), neither branch executes and x remains unchanged. A crafted ILBM stream with comp==1 that continuously emits 0x80 bytes keeps x==0 while advancing the file position by one byte per iteration, producing an infinite loop that exits only when the I/O source is exhausted or the process is killed.",352-387,UNT,Good new bug! Program never finishes if the file keeps feeding it 0x80 bytes (variant of previous),FALSE,FALSE,TRUE,,,,LATENT,EXPOSED
proftpd,https://github.com/proftpd/proftpd.git,daemon_loop,src/main.c,NT,Core server accept loop: while(TRUE) with select() using a configurable short timeout. In the production build there is no break or return inside the loop body — the only local exit is exit(1) on repeated fatal select() errors which kills the process outright. All other termination requires external SIGTERM/SIGHUP. Intentional NT: the function is designed to run for the entire server lifetime.,1595-1809,NT,Intended non termination: daemon loop for top level,FALSE,FALSE,TRUE,,,,INTENDED,
proftpd,https://github.com/proftpd/proftpd.git,cmd_loop,src/main.c,NT,Per-session FTP command-reading loop: while(TRUE) reading commands via pr_netio_telnet_gets2(). In production daemon mode the only exit paths call pr_session_disconnect() -> pr_session_end() -> _exit(); there is no return statement reachable. The function never returns to its caller — the child process runs this loop for its entire lifetime and is terminated via _exit().,928-983,NT,Intended non termination: command loop localhost user,FALSE,FALSE,TRUE,,,,INTENDED,
proftpd,https://github.com/proftpd/proftpd.git,restart_daemon,src/main.c,NT,"SIGHUP handler contains while(maxfd != -1) loop that calls select(maxfd+1, &childfds, NULL, NULL, NULL) with a NULL timeout (indefinite block). The loop waits for all children to signal initialization completion via semaphore pipes. If any child hangs without closing its pipe end, select() blocks forever and the SIGHUP handler never returns, preventing the daemon from completing its restart.",986-1033,NT,select has no timeout which leads to non-termination -- possibly not intended,FALSE,FALSE,TRUE,,,,MANIFEST,
proftpd,https://github.com/proftpd/proftpd.git,packet_poll,contrib/mod_sftp/packet.c,NT,"Core SSH poll helper: while(1) around select(). When TimeoutIdle=0, tvp is set to NULL and select() blocks indefinitely. The ntimeouts-based exit (MAX_POLL_TIMEOUTS=3) is never reached when tvp=NULL because the timeout branch requires a finite interval to expire. The code contains an explicit Issue #1985 comment acknowledging this: the loop blocks without bound until data arrives or an external signal terminates the session.",94-222,UNT,"real non-termination with EINTR behavior. Also, another one in the same loop: real non-termination acknowledged in source code Issue #1985 comment",FALSE,FALSE,TRUE,,,,MANIFEST,EXPOSED
proftpd,https://github.com/proftpd/proftpd.git,sftp_ssh2_packet_read,contrib/mod_sftp/packet.c,NT,"SSH2 packet read loop: while(TRUE) that delegates to packet_poll() then reads packet data. When TimeoutIdle=0, packet_poll sets tvp=NULL causing indefinite blocking in select(). The loop has no local retry counter or wall-clock deadline independent of the TimeoutIdle setting; with TimeoutIdle=0 it blocks indefinitely waiting for packet data.",976-1200,NT,intended non termination due to blocking IO behavior on receiving data,FALSE,FALSE,TRUE,,,,INTENDED,EXPOSED
proftpd,https://github.com/proftpd/proftpd.git,sftp_ssh2_packet_sock_read,contrib/mod_sftp/packet.c,NT,"SSH socket read loop: while(remainlen > 0) retries blocking reads until exactly reqlen bytes are received, with an inner while(res<=0) retrying on EINTR. There is no read-attempt counter or wall-clock timeout independent of packet_poll. All timing is delegated to packet_poll; when TimeoutIdle=0, packet_poll blocks indefinitely and the outer loop consequently has no deadline.",232-355,NT,intended non termination due to blocking IO behavior on receiving data,FALSE,FALSE,TRUE,,,,INTENDED,EXPOSED
proftpd,https://github.com/proftpd/proftpd.git,sftp_get_client_version,contrib/mod_sftp/mod_sftp.c,NT,"SSH version-string banner reader: while(TRUE) reads one byte at a time via sftp_ssh2_packet_sock_read(). Retries on EINTR. The loop continues until a valid CRLF-terminated SSH-2.0- banner is received. When TimeoutIdle=0, the underlying packet_poll call uses tvp=NULL and blocks indefinitely; the byte-at-a-time read loop thus also blocks indefinitely if the client delays or withholds its banner.",100-222,UNT,real non-termination with EINTR behavior on top of the described non-termination conditions,FALSE,FALSE,TRUE,,,,MANIFEST,EXPOSED
proftpd,https://github.com/proftpd/proftpd.git,agent_read_msg,contrib/mod_sftp/agent.c,NT,"SSH agent response reader: while(buflen != *resplen) loop calls blocking read() on a Unix domain socket with no timeout and no retry counter. The code itself contains an XXX comment at line 142-144 acknowledging the defect: 'This needs a timeout, prevent a blocked/bad agent from stalling the server.' If the SSH agent sends a partial response then stalls, read() blocks indefinitely and the function never returns.",180-197,FP,UNKNOWN FUNCTION AT LOCATION,FALSE,FALSE,TRUE,,,,MANIFEST,
proftpd,https://github.com/proftpd/proftpd.git,tls_accept,contrib/mod_tls.c,NT,TLS handshake accept loop using goto retry: calls SSL_accept(); on SSL_ERROR_WANT_READ/WANT_WRITE calls tls_readmore/tls_writemore (each with a 15-second select) then jumps back to retry with no retry counter. A peer that repeatedly triggers WANT_READ or WANT_WRITE without completing the handshake causes unbounded retries. The only external bound is tls_handshake_timeout via pr_timer_add; when tls_handshake_timeout=0 (disabled) the goto-retry loop is entirely unbounded.,7726-7900,FP,False positive! Does not understand goto retry logic will only happen if more data is available as indicated by tls_readmore() or tls_writemore(),FALSE,FALSE,TRUE,,,,LATENT,EXPOSED
proftpd,https://github.com/proftpd/proftpd.git,tls_connect,contrib/mod_tls.c,NT,TLS handshake connect loop using goto retry: same pattern as tls_accept — SSL_connect() retried on WANT_READ/WANT_WRITE via tls_readmore/tls_writemore with no retry counter. Bounded only by tls_handshake_timeout timer; when that timer is disabled (timeout=0) the goto-retry loop retries indefinitely.,8450-8560,FP,False positive! Does not understand goto retry logic will only happen if more data is available as indicated by tls_readmore() or tls_writemore(),FALSE,FALSE,TRUE,,,,LATENT,EXPOSED
proftpd,https://github.com/proftpd/proftpd.git,tls_read,contrib/mod_tls.c,NT,"TLS data read loop using goto retry: SSL_read() on WANT_READ/WANT_WRITE jumps back to the retry label via tls_readmore/tls_writemore (each with a 15-second select). No retry counter exists. Each iteration is bounded by the 15-second select inside tls_readmore, but the total number of retries is unbounded — a peer that keeps the TLS session alive while perpetually triggering WANT_READ causes the function to loop indefinitely.",9648-9733,FP,False positive! Does not understand goto retry logic will only happen if more data is available as indicated by tls_readmore() or tls_writemore(),FALSE,FALSE,TRUE,,,,LATENT,EXPOSED
gpac,https://github.com/gpac/gpac.git,gf_fs_thread_proc,src/filter_core/filter_session.c,NT,"Central filter-session scheduler thread worker. Runs a while(1) loop starting at line 1640; when tasks are pending it calls gf_fs_sema_io() which internally issues gf_sema_wait(sem) — an infinite sem_wait/WaitForSingleObject(INFINITE) with no timeout. All N worker threads share this function and block indefinitely on the secondary semaphore waiting for tasks. The loop exits only when fsess->run_status != GF_OK or all EOS are seen, both set exclusively by external session abort/stop.",1580-2324,NT,Intended non termination thread orchestration,FALSE,FALSE,TRUE,,,,INTENDED,
gpac,https://github.com/gpac/gpac.git,gf_fs_sema_io,src/filter_core/filter_session.c,NT,"Filter-session semaphore I/O helper. When nb_tasks > 0 and a worker thread must wait, it calls gf_sema_wait(sem) at lines 73-74 (main semaphore) or lines 83-84 (secondary semaphore) with no timeout. The blocking sem_wait/WaitForSingleObject(INFINITE) is released only by gf_sema_notify posted from another thread when a new task arrives or session end is signaled. Termination is fully externally controlled.",73-84,NT,intended non termination semaphore wait without timeout,FALSE,FALSE,TRUE,,,,INTENDED,
gpac,https://github.com/gpac/gpac.git,gf_mx_p,src/utils/os_thread.c,NT,"Foundational mutex-acquire primitive used throughout the codebase. On POSIX calls pthread_mutex_lock (line 665); on Win32 calls WaitForSingleObject(mx->hMutex, INFINITE) (line 657). No timeout in either path. Every call to gf_mx_p blocks indefinitely until the mutex holder releases it; if the holder is itself blocked (e.g., on I/O or another semaphore), the caller blocks forever.",633-687,NT,intended non termination pthread_mutex_lock with no timeout,FALSE,FALSE,TRUE,,,,INTENDED,
gpac,https://github.com/gpac/gpac.git,gf_th_run,src/utils/os_thread.c,NT,"Thread launcher. After spawning the child thread, the caller immediately blocks on gf_sema_wait(t->_signal) at line 315 with no timeout, waiting for the child to signal its startup. Formally unbounded: if the child thread crashes or never reaches its gf_sema_notify call, the caller blocks indefinitely. In normal operation this completes quickly, but there is no deadline to bound the wait.",315-315,NT,intended non termination gf_sema_wait no timeout,FALSE,FALSE,TRUE,,,,INTENDED,
gpac,https://github.com/gpac/gpac.git,Thread_Stop,src/utils/os_thread.c,NT,"Graceful thread stop function. On Win32 calls WaitForSingleObject(t->threadH, INFINITE) (line 349); on POSIX calls pthread_join(t->threadH, NULL) (line 371) — both with no timeout. If the target thread is itself blocked on a semaphore, mutex, or network I/O, Thread_Stop hangs forever. Called by gf_th_stop and gf_th_del throughout the codebase with no deadline.",336-379,NT,"intended non termination concurrency. Note: no loop involved here, just one function call!",FALSE,FALSE,TRUE,,,,INTENDED,
gpac,https://github.com/gpac/gpac.git,gf_dm_session_thread,src/utils/downloader.c,NT,"Thread entry point for all threaded HTTP/HTTPS downloads. Loops while(!sess->destroy) at line 2852, calling gf_dm_session_do_task(sess) each iteration followed by gf_sleep(0). The loop terminates only when sess->destroy is set to 1 externally by session destruction. Inside gf_dm_session_do_task, gf_mx_p(sess->mx) is called on every iteration with no timeout. No iteration count or wall-clock bound on the overall loop.",2845-2861,NT,intended non termination concurrency. Ultimately due to pthread_mutex_lock() / WaitForSingleObject() with infinite timeout.,FALSE,FALSE,TRUE,,,,INTENDED,
gpac,https://github.com/gpac/gpac.git,wait_for_header_and_parse,src/utils/downloader.c,NT,"HTTP header reader: while(1) loop at line 5421. When probe=GF_FALSE (non-blocking session with partial bytes already received) and gf_dm_read_data returns GF_IP_NETWORK_EMPTY, all guards are bypassed and the code hits continue at line 5477, immediately retrying with no sleep, counter, or wall-clock check. The request_timeout guard that could bound this spin is only reached on the probe=GF_TRUE path. This is an unbounded busy-spin on network-empty in the non-probe case.",5421-5477,UNT,"Non-termination in IO code, retrying to receive data without timeout while reading data",FALSE,FALSE,TRUE,,,,MANIFEST,EXPOSED
gpac,https://github.com/gpac/gpac.git,h2_send_data_callback,src/utils/downloader.c,NT,"nghttp2 send data callback. Contains a while(1) at line 824 that calls h2_write_data() and immediately retries when the return value is NGHTTP2_ERR_WOULDBLOCK, which occurs when the underlying socket write returns GF_IP_NETWORK_EMPTY in blocking mode. No sleep, counter, or timeout exists in this loop — on a congested or stalled network the function busy-spins indefinitely until the write either succeeds or encounters a non-WOULDBLOCK error.",824-831,UNT,Non-termination in IO code while *writing* data - should use fuel pattern to avoid infinite loop,FALSE,FALSE,TRUE,,,,MANIFEST,EXPOSED
gpac,https://github.com/gpac/gpac.git,aout_th_proc,src/filters/out_audio.c,NT,"Audio output thread worker. Loops while(ctx->audio_th_state == 1) at line 185, calling WriteAudio() or gf_sleep(10) each iteration. The loop terminates only when ctx->audio_th_state is set to 2 externally by aout_finalize(). No iteration count or deadline; the function is designed to run for the lifetime of the audio output filter and exits only on external state change.",177-198,NT,Intended non termination concurrency on audio event,FALSE,FALSE,TRUE,,,,INTENDED,
gpac,https://github.com/gpac/gpac.git,th_sweep_lines,src/evg/ftgrays.c,NT,EVG rasterizer worker thread for multi-threaded surface rendering. Loops while(rctx->th_state == 1) at line 674; when not active calls gf_sema_wait(rctx->surf->raster_sem) — an infinite blocking semaphore wait with no timeout. Terminates only when th_state is set to 0 externally by gf_evg_surface_delete() and the semaphore is notified. Exit condition is entirely external; the thread is designed to run for the surface lifetime.,670-730,NT,Intended non termination concurrency semaphore,FALSE,FALSE,TRUE,,,,INTENDED,
gpac,https://github.com/gpac/gpac.git,gpac_jni_render_frame,applications/gpac_android/src/main/jni/gpac_jni.cpp,NT,"Android JNI render-frame function: while(1) calls gf_fs_run() then breaks only when gf_sc_frame_was_produced() returns GF_TRUE. The flag is set inside gf_sc_render_frame() only when a visual frame is actually emitted (compositor.c:2967,3142,3148). If no scene is loaded (compositor->scene==NULL), gf_sc_render_frame() returns early without setting the flag. On an audio-only session, EOS with no scene, or unconnected session, the loop never breaks.",453-456,TBD,*long function need more review*,FALSE,FALSE,FALSE,,,,LATENT,EXPOSED
comdb2,https://github.com/bloomberg/comdb2.git,rd_worker,net/net_evbuffer.c,NT,Per-connection network reader thread. while(1) loop with only one exit: if(net_stop) break — a global flag set by external shutdown only. Contains four Pthread_cond_wait calls with no timeout: (1) initial sync wait; (2) waiting for a new connection after reconnect; (3) waiting for enough buffered data; (4) waiting for a new connection generation after error. Conditions are signaled only by the libevent readcb() in a separate event-base thread. NT by design: blocks indefinitely until external I/O arrives or net_stop is set.,1667-1735,NT,Intended non termination concurrency,FALSE,FALSE,TRUE,,,,INTENDED,
comdb2,https://github.com/bloomberg/comdb2.git,thdpool_thd,util/thdpool.c,NT,"Generic thread-pool worker thread with a while(1) loop. When the active thread count is at or below the pool minimum (pool->minnthd), the timeout pointer ts is NULL and the code executes a plain Pthread_cond_wait(&thd->cond, &pool->mutex) with no timeout at line 767. Work is enqueued only by external callers via thdpool_enqueue(). Minimum-pool threads block indefinitely on the condvar waiting for work items; only explicit pool shutdown via pool->stopped terminates the loop.",669-866,NT,Intended non termination concurrency,FALSE,FALSE,TRUE,,,,INTENDED,
comdb2,https://github.com/bloomberg/comdb2.git,prefault_io_thread,db/prefault.c,NT,"Pre-fault I/O thread. while(1) at line 467 contains Pthread_cond_wait(&dbenv->prefaultiopool.cond, &dbenv->prefaultiopool.mutex) at line 475 with no timeout, blocking until queue items arrive (req==NULL check). The only exit is pthread_exit() inside case PFRQ_EXITTHD (line 943), reached only when an external caller enqueues a special sentinel message. Without that externally-dispatched poison, the loop runs indefinitely processing prefault I/O requests.",431-961,NT,Intended non termination concurrency,FALSE,FALSE,TRUE,,,,INTENDED,
comdb2,https://github.com/bloomberg/comdb2.git,prefault_helper_thread,db/prefault_helper.c,NT,"Pre-fault helper thread. while(1) at line 104 contains Pthread_cond_wait(&dbenv->prefault_helper.threads[i].cond, &dbenv->prefault_helper.mutex) at line 115 with no timeout. The condition is signaled only by request senders via prefault_helper_find_thread_and_dispatch. No shutdown mechanism exists; the code comment at line 198 explicitly states 'we never actually get here', confirming the loop is designed never to terminate.",56-202,NT,Intended non termination concurrency,FALSE,FALSE,TRUE,,,,INTENDED,
comdb2,https://github.com/bloomberg/comdb2.git,async_logthd,db/sqllog.c,NT,"Asynchronous SQL log writer thread. for(;;) loop containing Pthread_cond_wait(&async_writer_wait, &sql_log_lk) at line 94 with no timeout when the event list is empty. The condition is set only by async_enqueue() from other threads. The only exit is a poison message (buf==NULL, bufsz==0) enqueued by the shutdown path. Without that poison the thread waits indefinitely for log events.",79-115,NT,Intended non termination concurrency,FALSE,FALSE,TRUE,,,,INTENDED,
comdb2,https://github.com/bloomberg/comdb2.git,log_queue_consumer,bdb/log_queue_trigger.c,NT,"BDB log queue consumer thread. while(1) at line 355 contains Pthread_cond_wait(&file->queue_cd, &file->queue_lk) at line 358 with no timeout when the output queue is empty. The condition is signaled by log producers. No shutdown flag or exit mechanism is present anywhere in the function — the loop unconditionally dequeues log records, calls a callback, frees memory, and retries with no termination path.",352-378,NT,Intended non termination concurrency,FALSE,FALSE,TRUE,,,,INTENDED,
comdb2,https://github.com/bloomberg/comdb2.git,lwm_printer_thd,bdb/threads.c,NT,"Pure diagnostic/debug thread. for(;;) at line 510 has no break, return, goto, or exit anywhere in its body. The function only calls bdb_get_lsn_lwm, bdb_get_active_logical_transaction_lsns, logs debug LSN output, and polls every 50ms via poll(0,0,50). No termination condition of any kind — a pure infinite diagnostic loop that runs for the process lifetime.",500-527,NT,Intended non-termination infinite debug thread,FALSE,FALSE,TRUE,,,,INTENDED,
comdb2,https://github.com/bloomberg/comdb2.git,gethostname_fn,plugins/newsql/newsql_evbuffer.c,NT,"Hostname resolution thread for newsql evbuffer connections. while(1) at line 1272 contains Pthread_cond_wait(&gethostname_cond, &gethostname_lk) at line 1275 with no timeout when gethostname_list is empty. The condition is signaled only by gethostname_enqueue() from connection accept callbacks. No shutdown flag anywhere in the function — designed to process hostname resolution requests for the entire process lifetime.",1266-1308,NT,Intended non-termination concurrency,FALSE,FALSE,TRUE,,,,INTENDED,
comdb2,https://github.com/bloomberg/comdb2.git,wait_for_sql_query,db/sqlinterfaces.c,NT,"SQL query wait function, no-heartbeat branch. When clnt->heartbeat is zero, executes while(!clnt->done) Pthread_cond_wait(&clnt->wait_cond, &clnt->wait_mutex) at line 5050 with no timeout. clnt->done is set only by the SQL execution thread upon completion. If the SQL execution thread dies or hangs without setting clnt->done, this condvar wait blocks indefinitely with no fallback or deadline.",4978-5059,NT,Intended non termination concurrency,FALSE,FALSE,TRUE,,,,INTENDED,
comdb2,https://github.com/bloomberg/comdb2.git,bdb_wait_for_seqnum_from_n,bdb/rep.c,NT,"Replication quorum synchronization function. Loops while(num_acks < n) executing Pthread_cond_wait(&bdb_state->seqnum_info->cond, &bdb_state->seqnum_info->lock) at line 5965 with no timeout, waiting for n replication nodes to acknowledge a sequence number. The condition is signaled by incoming ACKs via the network message handler. If fewer than n nodes ever acknowledge — due to node failures or network partition — this waits forever with no deadline or retry limit.",5942-5970,NT,Intended non termination concurrency pthread_mutex_condwait,FALSE,FALSE,TRUE,,,,INTENDED,
comdb2,https://github.com/bloomberg/comdb2.git,timer_thread,db/timers.c,NT,"Timer dispatch thread. Outer loop while(!db_is_exiting()); inner loop at line 186: while(ntimers == 0) Pthread_cond_wait(&timerwait, &timerlk) with no timeout. If no timers are registered at startup, the thread blocks indefinitely on the inner condvar. The condition is signaled only when new_timer() registers a timer from an external caller. An idle system with no timers causes permanent blocking.",172-225,NT,Intended non termination infinite thread until shutdown,FALSE,FALSE,TRUE,,,,INTENDED,
comdb2,https://github.com/bloomberg/comdb2.git,accept_thd,tools/cdb2sockpool/cdb2sockpool.c,NT,"Unix domain socket accept thread for the cdb2sockpool daemon. do{accept(listenfd,...)}while(!lcl_exiting) loop. The accept() system call at line 715 blocks indefinitely with no timeout until a client connects. The loop exits only when gbl_exiting is set by an external shutdown signal. NT by design: the accept() blocks forever waiting for client connections and only the OS kill or explicit shutdown unblocks it.",700-735,UNT,Non-termination in IO with EINTR behavior,FALSE,FALSE,TRUE,,,,INTENDED,EXPOSED
bde,https://github.com/bloomberg/bde.git,bdlmt::ThreadPool::workerThread,groups/bdl/bdlmt/bdlmt_threadpool.cpp,NT,while(1) worker loop; minimum threads call d_jobCond.wait(&d_mutex) inside while(0==waitNode.d_hasJob) with no timeout — blocks indefinitely until wakeThreadIfNeeded() is called by a job-enqueueing thread. Only non-minimum threads timeout; minimum threads run for process lifetime.,290-413,NT,Expected NT while (1) thread entry point ,TRUE,FALSE,FALSE,,,,INTENDED,
bde,https://github.com/bloomberg/bde.git,bdlmt::ThreadPool::drain,groups/bdl/bdlmt/bdlmt_threadpool.cpp,NT,Calls d_drainCond.wait(&d_mutex) inside while((d_threadCount && d_queue.size()) || d_numActiveThreads) with no timeout. Blocks indefinitely until all active threads and pending jobs complete — termination depends entirely on worker threads decrementing d_numActiveThreads to zero.,547-555,NT,Expected NT draining thread cond.wait() concurrent code,FALSE,FALSE,TRUE,,,,INTENDED,
bde,https://github.com/bloomberg/bde.git,bdlmt::ThreadPool::stop,groups/bdl/bdlmt/bdlmt_threadpool.cpp,NT,Calls d_drainCond.wait(&d_mutex) inside while(d_threadCount) with no timeout after enqueuing null shutdown jobs. Blocks until every worker processes its shutdown functor and decrements d_threadCount to zero — termination depends entirely on workers exiting.,647-658,NT,Expected NT thread cond.wait() concurrent code,FALSE,FALSE,TRUE,,,,INTENDED,
bde,https://github.com/bloomberg/bde.git,bdlmt::ThreadPool::shutdown,groups/bdl/bdlmt/bdlmt_threadpool.cpp,NT,Calls d_drainCond.wait(&d_mutex) inside while(d_threadCount) with no timeout. Blocks until all worker threads have processed their null shutdown functor and exited. Identical pattern to stop() — termination is fully externally controlled.,599-614,NT,Expected NT thread cond.wait() concurrent code,FALSE,FALSE,TRUE,,,,INTENDED,
bde,https://github.com/bloomberg/bde.git,bdlmt::EventScheduler::dispatchEvents,groups/bdl/bdlmt/bdlmt_eventscheduler.cpp,NT,"while(1) dispatcher thread function. When both event queues are empty, calls d_queueCondition.wait(&d_mutex) with no timeout at line 254. Exits only when d_running is set to false by an external call to stop(). Without that external signal, the function loops and blocks indefinitely.",217-313,NT,Expected NT while (1) thread entry point ,FALSE,FALSE,TRUE,,,,INTENDED,
bde,https://github.com/bloomberg/bde.git,bdlmt::EventScheduler::cancelAllEventsAndWait,groups/bdl/bdlmt/bdlmt_eventscheduler.cpp,NT,"Calls d_iterationCondition.wait(&d_mutex) inside while(1) with no timeout, waiting for the dispatcher thread to complete its current iteration. Blocks indefinitely until the dispatcher signals d_iterationCondition at the end of each dispatch cycle.",912-930,NT,Expected NT while (1) thread entry point ,FALSE,FALSE,TRUE,,,,INTENDED,
bde,https://github.com/bloomberg/bde.git,bdlmt::EventScheduler::cancelEventAndWait,groups/bdl/bdlmt/bdlmt_eventscheduler.cpp,NT,"Two overloads (RecurringEvent: lines 932-967; Event: lines 969-999) each call d_iterationCondition.wait(&d_mutex) inside while(1) with no timeout, waiting for the dispatcher to advance past the currently executing event. Blocks until the dispatcher signals at its next iteration boundary.",932-999,NT,Expected NT while (1) wait(),TRUE,FALSE,FALSE,,,,INTENDED,
bde,https://github.com/bloomberg/bde.git,bdlmt::EventScheduler::rescheduleEventAndWait,groups/bdl/bdlmt/bdlmt_eventscheduler.cpp,NT,"Calls d_iterationCondition.wait(&d_mutex) inside while(1) with no timeout at line 1098, waiting for the dispatcher to finish dispatching the event being rescheduled. Blocks indefinitely until the dispatcher signals at its next iteration.",1051-1103,NT,Expected NT while (1) wait(),FALSE,FALSE,TRUE,,,,INTENDED,
bde,https://github.com/bloomberg/bde.git,TimerEventSchedulerDispatcher::dispatchEvents,groups/bdl/bdlmt/bdlmt_timereventscheduler.cpp,NT,"while(1) dispatcher loop. When both clock and event queues have zero pending items, calls scheduler->d_condition.wait(&scheduler->d_mutex) with no timeout at line 157. Exits only when scheduler->d_running.loadRelaxed() returns false, set by external stop(). Without an external signal the function blocks and retries indefinitely.",102-292,NT,Expected NT while (1) wait(),FALSE,FALSE,TRUE,,,,INTENDED,
bde,https://github.com/bloomberg/bde.git,bdlmt::FixedThreadPool::workerThread,groups/bdl/bdlmt/bdlmt_fixedthreadpool.cpp,NT,"Thread entry point for FixedThreadPool workers. Calls d_barrier.wait() at startup synchronization (line 137) and again at drain coordination (lines 143-144). Both barrier waits are unbounded (Barrier::wait has no timeout) — they block until all N+1 participants arrive, which requires external coordination from the managing thread.",135-153,NT,Expected NT startup thread function sync,FALSE,FALSE,TRUE,,,,INTENDED,
bde,https://github.com/bloomberg/bde.git,bdlmt::FixedThreadPool::start,groups/bdl/bdlmt/bdlmt_fixedthreadpool.cpp,NT,Calls d_barrier.wait() at line 294 to synchronize with all worker threads after spawning them. Blocks indefinitely until all numThreads worker threads reach their initial barrier point — termination depends on every spawned thread successfully starting.,269-297,NT,Expected NT startup thread function sync,FALSE,FALSE,TRUE,,,,INTENDED,
bde,https://github.com/bloomberg/bde.git,bdlmt::MultipriorityThreadPool::worker,groups/bdl/bdlmt/bdlmt_multiprioritythreadpool.cpp,NT,"while(1) worker loop with three NT blocking paths: (1) startup condvar wait while(e_STARTING==d_threadStartState); (2) resume condvar wait while suspended; (3) d_queue.popFront(&job) which blocks indefinitely on an empty priority queue. All exits require external state transitions via stop(), resume(), or job enqueue.",76-148,NT,Expected NT while (1) wait() and 2 other reasons!,TRUE,FALSE,FALSE,,,,INTENDED,
bde,https://github.com/bloomberg/bde.git,bdlmt::MultipriorityThreadPool::startThreads,groups/bdl/bdlmt/bdlmt_multiprioritythreadpool.cpp,NT,Calls d_allThreadsSuspendedCondition.wait(&d_mutex) or d_allThreadsStartedCondition.wait(&d_mutex) inside do-while loops with no timeout. Blocks until all worker threads have reached their respective synchronization points — termination depends on all spawned threads completing their startup or suspend sequence.,231-335,NT,Expected NT Two loops with wait(),FALSE,FALSE,TRUE,,,,INTENDED,
bde,https://github.com/bloomberg/bde.git,bdlmt::MultipriorityThreadPool::suspendProcessing,groups/bdl/bdlmt/bdlmt_multiprioritythreadpool.cpp,NT,Calls d_allThreadsSuspendedCondition.wait(&d_mutex) inside do-while(e_SUSPENDED!=d_threadSuspendState) with no timeout at line 404. Blocks until all worker threads have entered the suspended state — termination depends entirely on workers completing their current job and acknowledging the suspend request.,376-409,NT,Expected NT do { wait() while (e_SUSPENDED != dthreadSyspendState),FALSE,FALSE,TRUE,,,,INTENDED,
bde,https://github.com/bloomberg/bde.git,bdlmt::MultipriorityThreadPool::drainJobs,groups/bdl/bdlmt/bdlmt_multiprioritythreadpool.cpp,NT,"Creates a bslmt::Barrier and calls barrier.wait() at line 442. Blocks until all numThreads+1 barrier participants arrive — i.e., until every worker thread has completed its current job and reached the drain synchronization point. Barrier::wait has no timeout.",426-443,NT,Expected NT barrier.wait(),FALSE,FALSE,TRUE,,,,INTENDED,
bde,https://github.com/bloomberg/bde.git,bdlmt::MultiQueueThreadPool::drain,groups/bdl/bdlmt/bdlmt_multiqueuethreadpool.cpp,NT,"while(1) busy-spin via ThreadUtil::yield() with no local modification of d_state, d_numActiveQueues, or thread pool stats. Returns only when the pool is externally stopped or all queues drain and all pool threads become idle. Loops forever via yield() if active queues never drain and pool is never stopped.",695-726,NT,Expected NT while (1) yield(),FALSE,FALSE,TRUE,,,,INTENDED,
bde,https://github.com/bloomberg/bde.git,bdlmt::MultiQueueThreadPool::drainQueue,groups/bdl/bdlmt/bdlmt_multiqueuethreadpool.cpp,NT,"while(1) busy-spin via ThreadUtil::yield(). Exits only when iter->second->isDrained() becomes true, requiring the queue to be fully processed by external worker threads. No local variable changes toward termination — spins indefinitely if the queue is never drained.",728-750,NT,Expected NT while (1) yield(),FALSE,FALSE,TRUE,,,,INTENDED,
bde,https://github.com/bloomberg/bde.git,bdlmt::MultiQueueThreadPool::start,groups/bdl/bdlmt/bdlmt_multiqueuethreadpool.cpp,NT,while(1) spin-loop waiting for d_state to leave e_STATE_STOPPING. No local mutation of d_state inside the loop — yields via ThreadUtil::yield() indefinitely if no other thread completes shutdown and transitions state to e_STATE_STOPPED or e_STATE_RUNNING.,854-884,NT,Expected NT while (1) yield(),FALSE,FALSE,TRUE,,,,INTENDED,
bde,https://github.com/bloomberg/bde.git,bdlmt::MultiQueueThreadPool_Queue::waitWhilePausing,groups/bdl/bdlmt/bdlmt_multiqueuethreadpool.cpp,NT,"Calls d_pauseCondition.wait(&d_lock) inside while(e_PAUSING==d_runState) with no timeout at line 496. Blocks until the currently executing job finishes and the queue dispatcher calls setPaused(), which broadcasts on d_pauseCondition. Termination entirely depends on the external executing job completing.",482-501,NT,Expected NT while (state) wait();,TRUE,FALSE,FALSE,,,,INTENDED,
bde,https://github.com/bloomberg/bde.git,bdlmt::MultiQueueThreadPool::deleteQueue,groups/bdl/bdlmt/bdlmt_multiqueuethreadpool.cpp,NT,"Synchronous overload calls latch.wait() at line 663 to wait for the queue deletion callback (deleteQueueCb) to complete. NT because Latch::wait blocks indefinitely until the latch count reaches zero, which requires worker threads to execute the deletion callback.",643-667,NT,Expected NT concurrency straight wait(),FALSE,FALSE,TRUE,,,,INTENDED,
bde,https://github.com/bloomberg/bde.git,bdlmt::MultiQueueThreadPool::shutdown,groups/bdl/bdlmt/bdlmt_multiqueuethreadpool.cpp,NT,Calls latch.wait() at line 841 to wait for all pending queue deletions to complete. NT because Latch::wait blocks indefinitely until all deletion callbacks are processed by worker threads.,788-852,NT,Expected NT concurrency while (active > 0) yield();,FALSE,FALSE,TRUE,,,,INTENDED,
bde,https://github.com/bloomberg/bde.git,bslmt::Barrier::~Barrier,groups/bsl/bslmt/bslmt_barrier.cpp,NT,"Destructor spins in while(1) until d_numPending reaches zero, polling via ThreadUtil::yield(). d_numPending is decremented only by threads completing Barrier::wait() or timedWait(). If threads are still pending when the destructor runs, it loops forever waiting for them to complete.",14-25,NT,Expected NT while (1) yield(),TRUE,FALSE,FALSE,,,,INTENDED,
bde,https://github.com/bloomberg/bde.git,bslmt::Barrier::wait,groups/bsl/bslmt/bslmt_barrier.cpp,NT,Blocks the calling thread at a synchronization barrier. Calls d_cond.wait(&d_mutex) inside while(d_sigCount == sigCount) with no timeout at line 79. Threads that are not the last to arrive block indefinitely until the last thread broadcasts on d_cond. Termination depends on all d_numArrivals threads calling wait().,65-83,NT,Expected NT while (cond) wait(mutex),TRUE,FALSE,FALSE,,,,INTENDED,
bde,https://github.com/bloomberg/bde.git,bslmt::Latch::wait,groups/bsl/bslmt/bslmt_latch.cpp,NT,Calls d_cond.wait(&d_mutex) inside while(0 < d_sigCount.loadRelaxed()) with no timeout at line 97. Blocks indefinitely until external calls to countDown() reduce the latch count to zero. No deadline or fallback — the thread waits forever if countDown is never called the required number of times.,88-99,NT,Expected NT while (cond) wait(mutex),FALSE,FALSE,TRUE,,,,INTENDED,
bde,https://github.com/bloomberg/bde.git,bslmt::Latch::arriveAndWait,groups/bsl/bslmt/bslmt_latch.cpp,NT,"Calls countDown(1) then wait(). NT by delegation to Latch::wait, which blocks indefinitely until the latch count reaches zero with no timeout.",31-34,NT,Expected NT with wait() in straight line code,FALSE,FALSE,TRUE,,,,INTENDED,
bde,https://github.com/bloomberg/bde.git,bslmt::Sluice::wait,groups/bsl/bslmt/bslmt_sluice.cpp,NT,"for(;;) loop calls g->d_sema.wait() (blocking POSIX semaphore, no timeout) at line 127, then checks d_numSignaled. Returns only when d_numSignaled > 0 via external signalOne()/signalAll(). Spurious semaphore wakeups cause the loop to retry indefinitely without an external signal.",121-153,NT,Expected NT with wait() in while (1) loop,TRUE,FALSE,FALSE,,,,INTENDED,
bde,https://github.com/bloomberg/bde.git,bslmt::SemaphoreImpl<PosixSemaphore>::wait,groups/bsl/bslmt/bslmt_semaphoreimpl_pthread.cpp,NT,"Calls sem_wait() in a do-while loop at line 46, retrying on EINTR. sem_wait blocks indefinitely until the semaphore count is positive. No timeout applied — the function blocks forever until an external thread calls post().",40-50,NT,Expected NT with wait() in do while (cond) loop,FALSE,FALSE,TRUE,,,,INTENDED,
bde,https://github.com/bloomberg/bde.git,bslmt::ReaderWriterLock::lockRead,groups/bsl/bslmt/bslmt_readerwriterlock.cpp,NT,"When a writer holds the lock (READ_OK flag not set), calls d_readCond.wait(&d_mutex) inside do-while(1) at line 68 with no timeout. Blocks indefinitely until the writer releases the lock and broadcasts on d_readCond.",42-72,NT,"As explained in LLM reasoning: Intended NT
BUT seems like unintended NT in the loop before that (same func) is not given in reasoning",TRUE,FALSE,FALSE,,,,INTENDED,
bde,https://github.com/bloomberg/bde.git,bslmt::ReaderWriterLock::lockReadReserveWrite,groups/bsl/bslmt/bslmt_readerwriterlock.cpp,NT,"When a writer is active, calls d_writeCond.wait(&d_mutex) inside while(d_signalState != e_WRITE_SIGNALED) at line 102 with no timeout. Blocks indefinitely until the previous writer unlocks and signals d_writeCond.",74-127,NT,"As explained in reasoning: Intended NT
BUT seems like unintended NT in the loop before that (same func) is not given in reasoning",FALSE,FALSE,TRUE,,,,INTENDED,
bde,https://github.com/bloomberg/bde.git,bslmt::ReaderWriterLock::lockWrite,groups/bsl/bslmt/bslmt_readerwriterlock.cpp,NT,"When readers or other writers are active, calls d_writeCond.wait(&d_mutex) inside while(d_signalState != e_WRITE_SIGNALED) at line 150 with no timeout. Blocks indefinitely until all active readers/writers release the lock.",129-157,NT,"As explained in reasoning: Intended NT
BUT seems like unintended NT in the loop before that (same func) is not given in reasoning",TRUE,FALSE,FALSE,,,,INTENDED,
bde,https://github.com/bloomberg/bde.git,bslmt::ReaderWriterLock::upgradeToWriteLock,groups/bsl/bslmt/bslmt_readerwriterlock.cpp,NT,"Calls d_upgradeCond.wait(&d_mutex) at line 269 or d_writeCond.wait(&d_mutex) at line 275, each inside while loops with no timeout. Blocks indefinitely waiting for upgrade or write signal — termination depends on other readers releasing the lock.",198-288,NT,"As explained in reasoning: Intended NT
BUT seems like unintended NT in the loop before that (same func) is not given in reasoning",TRUE,FALSE,FALSE,,,,INTENDED,
bde,https://github.com/bloomberg/bde.git,bslmt::ReaderWriterLock::tryUpgradeToWriteLock,groups/bsl/bslmt/bslmt_readerwriterlock.cpp,NT,"Calls d_upgradeCond.wait(&d_mutex) inside while(d_signalState != e_UPGRADE_SIGNALED) at line 339 with no timeout. Blocks indefinitely until another thread signals the upgrade condition. Despite the 'try' name, when entering the blocking path the wait is unbounded.",290-351,NT,"As explained in reasoning: Intended NT
BUT unintended NT in the loop before that (same func) is not given in reasoning",TRUE,FALSE,FALSE,,,,INTENDED,
bde,https://github.com/bloomberg/bde.git,bdlcc::Queue<TYPE>::popFront,groups/bdl/bdlcc/bdlcc_queue.h,NT,Two overloads (void: lines 1013-1031; value: lines 1033-1056) both call d_notEmptyCondition.wait(&d_mutex) inside while(0==(length=d_queue.length())) with no timeout. Block indefinitely on an empty queue until a producer calls pushBack/pushFront and signals d_notEmptyCondition.,1013-1056,NT,Intended non termination concurrency: while (queue.length()) wait(mut);,FALSE,FALSE,TRUE,,,,INTENDED,
bde,https://github.com/bloomberg/bde.git,bdlcc::Queue<TYPE>::popBack,groups/bdl/bdlcc/bdlcc_queue.h,NT,Two overloads (void: lines 946-963; value: lines 965-988) both call d_notEmptyCondition.wait(&d_mutex) inside while(0==(length=d_queue.length())) with no timeout. Block indefinitely on an empty queue until a producer pushes an item and signals the condition.,946-988,NT,Intended non termination concurrency: while (queue.length()) wait(mut);,FALSE,FALSE,TRUE,,,,INTENDED,
bde,https://github.com/bloomberg/bde.git,bdlcc::Queue<TYPE>::pushBack,groups/bdl/bdlcc/bdlcc_queue.h,NT,"When the high-water mark is set and the queue is full, calls d_notFullCondition.wait(&d_mutex) inside while(d_queue.length()>=d_highWaterMark) at line 1216 with no timeout. Blocks indefinitely until consumers remove items and signal d_notFullCondition.",1209-1223,NT,Intended non termination concurrency: while (queue.length()) wait(mut);,FALSE,FALSE,TRUE,,,,INTENDED,
bde,https://github.com/bloomberg/bde.git,bdlcc::Queue<TYPE>::pushFront,groups/bdl/bdlcc/bdlcc_queue.h,NT,"When the high-water mark is set and the queue is full, calls d_notFullCondition.wait(&d_mutex) inside while(d_queue.length()>=d_highWaterMark) at line 1232 with no timeout. Blocks indefinitely until consumers remove items. Identical pattern to pushBack.",1225-1239,NT,Intended non termination concurrency: while (queue.length()) wait(mut);,FALSE,FALSE,TRUE,,,,INTENDED,
bde,https://github.com/bloomberg/bde.git,bdlcc::Deque<TYPE>::popFront,groups/bdl/bdlcc/bdlcc_deque.h,NT,Two overloads (value: lines 1930-1950; pointer: lines 1951-1974) both call d_notEmptyCondition.wait(&d_mutex) while the deque is empty with no timeout. Block indefinitely until a producer pushes an item and signals the condition.,1930-1974,NT,Intended non termination concurrency: while (queue.empty()) wait(mut);,FALSE,FALSE,TRUE,,,,INTENDED,
bde,https://github.com/bloomberg/bde.git,bdlcc::Deque<TYPE>::popBack,groups/bdl/bdlcc/bdlcc_deque.h,NT,Two overloads (value: lines 1883-1903; pointer: lines 1904-1928) both call d_notEmptyCondition.wait(&d_mutex) while the deque is empty with no timeout. Block indefinitely until a producer pushes an item and signals the condition.,1883-1928,NT,Intended non termination concurrency: while (queue.empty()) wait(mut);,FALSE,FALSE,TRUE,,,,INTENDED,
bde,https://github.com/bloomberg/bde.git,bdlcc::Deque<TYPE>::pushBack,groups/bdl/bdlcc/bdlcc_deque.h,NT,Two overloads (const& lines 1976-1990; MovableRef lines 1991-2005) call d_notFullCondition.wait(&d_mutex) while the deque is at its high-water mark with no timeout. Block indefinitely until consumers remove items and signal the not-full condition.,1976-2005,NT,Intended non termination concurrency: while (queue.length()) wait(mut);,FALSE,FALSE,TRUE,,,,INTENDED,
bde,https://github.com/bloomberg/bde.git,bdlcc::Deque<TYPE>::pushFront,groups/bdl/bdlcc/bdlcc_deque.h,NT,Two overloads (const& lines 2006-2020; MovableRef lines 2021-2036) call d_notFullCondition.wait(&d_mutex) while the deque is at its high-water mark with no timeout. Block indefinitely until consumers remove items and signal the not-full condition.,2006-2036,NT,Intended non termination concurrency: while (queue.size() >= mark) wait(mut);,FALSE,FALSE,TRUE,,,,INTENDED,
bde,https://github.com/bloomberg/bde.git,bdlcc::MultipriorityQueue<TYPE>::popFront,groups/bdl/bdlcc/bdlcc_multipriorityqueue.h,NT,"Calls tryPopFrontImpl with blockFlag=true. When queue length is zero, the implementation calls d_notEmptyCondition.wait(&d_mutex) inside while(0==d_length) with no timeout at line 796. Blocks indefinitely until a producer enqueues an item at any priority and signals the condition.",773-813,NT,Intended non termination: while (length) wait() where blocking depends on a parameter passed true -- concurrency induced,FALSE,FALSE,TRUE,,,,INTENDED,
bde,https://github.com/bloomberg/bde.git,bdlcc::BoundedQueue<TYPE>::waitUntilEmpty,groups/bdl/bdlcc/bdlcc_boundedqueue.h,NT,"Calls d_emptyCondition.wait(&d_emptyMutex) inside a while loop at line 1392 with no timeout, waiting until the queue is empty and the pop semaphore is fully drained. Blocks indefinitely until all enqueued items are consumed by external consumer threads.",1368-1406,NT,Intended non termination: while (cond) wait(mut) -- concurrency induced,FALSE,FALSE,TRUE,,,,INTENDED,
bde,https://github.com/bloomberg/bde.git,balb::PipeControlChannel::readNamedPipe,groups/bal/balb/balb_pipecontrolchannel.cpp,NT,"while(true) reading from a Unix named pipe. The only non-error exit is when dispatchLeftoverMessage() returns true after the callback calls shutdown() to set d_backgroundState != e_RUNNING. All other code paths either return -1 on fatal error or continue (EINTR, EAGAIN, zero-byte reads). Without an external shutdown command arriving via the pipe, the function loops indefinitely.",294-398,UNT,"Non-termination -- IO EINTR case, may be fixed by using a fuel pattern",FALSE,FALSE,TRUE,,,,MANIFEST,
libgit2,https://github.com/libgit2/libgit2.git,threaded_find_deltas,src/libgit2/pack-objects.c,NT,"Worker thread for parallel delta compression. Loops while(!me->data_ready) calling git_cond_wait(&me->cond, &me->mutex) — a bare pthread_cond_wait with no timeout. Blocks indefinitely until the coordinator sets data_ready=1 and calls git_cond_signal. If the coordinator exits abnormally without signaling (e.g., progress-lock acquisition fails at the GIT_ASSERT_WITH_RETVAL path and the coordinator returns early), the worker is permanently parked with no timedwait fallback.",1167-1168,NT,Intended non-termination concurrency,FALSE,FALSE,TRUE,,,,INTENDED,
libgit2,https://github.com/libgit2/libgit2.git,ll_find_deltas,src/libgit2/pack-objects.c,NT,"Delta-search coordinator. Contains an inner for(;;) loop at line 1265 that calls git_cond_wait(&pb->progress_cond, &pb->progress_mutex) with no timeout, waiting for any worker thread to clear its working flag and signal progress_cond. If a worker thread exits via the GIT_ASSERT_WITH_RETVAL failure path (lines 1150/1157) — which returns NULL without calling git_cond_signal — the coordinator waits forever with no deadline.",1265-1273,NT,Intended non-termination concurrency,FALSE,FALSE,TRUE,,,,INTENDED,
libgit2,https://github.com/libgit2/libgit2.git,wait_while_ack,src/libgit2/transports/smart_protocol.c,NT,"Git protocol ACK negotiation loop: while(1) consuming ACK packets from the remote via recv_pkt. Exits only on GIT_PKT_NAK or an ACK with status other than CONTINUE/COMMON/READY, or a read error. No packet-count limit, no wall-clock timeout, and no cancellation check inside the loop. A server that continuously sends ACK_CONTINUE/COMMON/READY packets causes indefinite blocking on network I/O.",347-365,UNT,Non-termination in IO code waiting for packet GIT_PKT_ACK that may never arrive,FALSE,FALSE,TRUE,,,,LATENT,EXPOSED
libgit2,https://github.com/libgit2/libgit2.git,store_common,src/libgit2/transports/smart_protocol.c,NT,Git protocol common-object accumulation loop: do{recv_pkt}while(1) that exits only when a non-ACK packet type is received. ACK packets are inserted into t->common with no counter or timeout bounding the number consumed. A server sending an unbounded stream of ACK packets never produces a non-ACK terminator and the loop does not return.,316-336,UNT,Non-termination in IO code waiting for ACK packets,FALSE,FALSE,TRUE,,,,LATENT,EXPOSED
libgit2,https://github.com/libgit2/libgit2.git,git_smart__download_pack,src/libgit2/transports/smart_protocol.c,NT,"Sideband pack-data download loop: do{recv_pkt}while(1) reading sideband-multiplexed pack data from the remote. The sole normal exit is receiving GIT_PKT_FLUSH. While t->cancelled.val is checked before and after the network call, there is no timeout on individual recv_pkt calls and no maximum-packet-count guard. If the remote never sends a flush packet (server crash mid-stream or adversarial server), the loop blocks indefinitely on network I/O.",721-765,UNT,Non-termination in IO code waiting for FLUSH packets,FALSE,FALSE,TRUE,,,,LATENT,EXPOSED
libgit2,https://github.com/libgit2/libgit2.git,resolve_deltas,src/libgit2/indexer.c,NT,"Thin-pack delta resolution loop: while(idx->deltas.length > 0) iterates until all deferred OFS/REF deltas are resolved. When no delta makes progress (progressed==0) and non_null==1, fix_thin_pack is called. fix_thin_pack returns 0 without injecting anything if has_entry() is already true (base OID already present in idx_cache). In that case the deltas vector is unchanged, all deltas continue failing with GIT_PASSTHROUGH, and fix_thin_pack is called again — the cycle repeats forever. No iteration counter or visited-set breaks the cycle.",1136-1181,UNT,Good non-termination bug! Worth fixing,FALSE,FALSE,TRUE,,,,LATENT,EXPOSED
exim,https://github.com/Exim/exim.git,daemon_go,src/src/daemon.c,NT,"The master daemon's explicitly-commented 'never-ending loop': an unconditional for(;;) that calls poll(fd_polls, poll_fd_count, -1) with timeout=-1 (infinite block) waiting for connections, signals, and queue-run alarms. The only exits are daemon_die() triggered by external SIGTERM/SIGINT (sets sigterm_seen) or execv() triggered by external SIGHUP. No local break, counter, or data-driven return exists under normal operation.",2596-2861,NT,Intended non-terminating thread with for (;;) poll,TRUE,FALSE,FALSE,,,,INTENDED,
exim,https://github.com/Exim/exim.git,handle_smtp_call,src/src/daemon.c,NT,"Inside the forked child process (pid==0 block), a for(;;) loop accepts successive SMTP messages on a single TCP connection. The loop exits only when smtp_setup_msg() returns <=0 (remote QUIT or connection drop) or receive_msg() returns FALSE (forcible drop). Without a remote QUIT or network disconnect the loop does not terminate; there is no maximum-messages-per-connection guard and no idle timeout on the loop itself.",535-736,NT,Intended non-terminating thread SMTP traffic,FALSE,FALSE,TRUE,,,,INTENDED,EXPOSED
exim,https://github.com/Exim/exim.git,smtp_setup_msg,src/src/smtp_in.c,NT,"Main SMTP session command loop: while(done<=0) processes commands indefinitely. Each SIGALRM that fires on a per-command timeout calls smtp_command_timeout_exit() which exits the process rather than setting done. An adversarial client that sends a steady stream of valid commands (e.g., NOOPs) continuously resets the SIGALRM and keeps the loop running forever because done is set only by protocol completion (QUIT or EOF from the remote peer). No maximum-session-duration guard exists.",3883-5700,UNT,Non-termination in IO code - missing fuel pattern as one may send CMD_NOOP in a loop and never get to done = 1,FALSE,FALSE,TRUE,,,,LATENT,EXPOSED
exim,https://github.com/Exim/exim.git,smtp_setup_batch_msg,src/src/smtp_in.c,NT,Batched-SMTP variant of smtp_setup_msg: while(done<=0) reads commands via receive_getc in a loop until done>0. No wall-clock session limit; per-read ALARM fires only if smtp_receive_timeout>0. done is set only by protocol completion (QUIT or EOF). Identical NT pattern to smtp_setup_msg.,1882-2100,UNT,Non-termination in IO code - missing fuel pattern as one may send CMD_NOOP in a loop and never get to done = 1,FALSE,FALSE,TRUE,,,,LATENT,EXPOSED
exim,https://github.com/Exim/exim.git,smtp_closedown,src/src/smtp_in.c,NT,Post-error SMTP drain loop: for(;;) switch(smtp_read_command(...)) replies 421 to all commands except QUIT and EOF. QUIT_CMD and EOF_CMD cause return; every other command (including RSET) causes a 421 reply and the loop continues. Termination is entirely dependent on the remote peer closing the connection or sending QUIT — no local timeout or attempt counter exists.,1411-1429,UNT,Non-termination in IO code - swallow all the data coming to the socket without clear stopping criteria,FALSE,FALSE,TRUE,,,,LATENT,EXPOSED
exim,https://github.com/Exim/exim.git,bdat_getc,src/src/smtp_in.c,NT,"BDAT chunking function: outer for(;;) loop processes BDAT chunks indefinitely; exits only on EOD, EOF, or error. An inner repeat_until_rset loop at line 821 also runs while(done<=0) accepting only RSET/QUIT/EOF with no counter or timeout. An adversarial sender that continuously sends BDAT commands with more data can keep both loops running indefinitely with no session-level bound.",759-913,UNT,Non-termination in IO code - swallow data without fuel pattern,FALSE,FALSE,TRUE,,,,LATENT,EXPOSED
exim,https://github.com/Exim/exim.git,smtp_read_command,src/src/smtp_in.c,NT,"Character-by-character SMTP command reader: while(c=receive_getc() != '\\n') loops until newline, EOF, or buffer overflow. The underlying smtp_refill() arms SIGALRM only when smtp_receive_timeout>0 (line 498: 'if (smtp_receive_timeout > 0) ALARM(...)'). When smtp_receive_timeout=0 no alarm is set and the read blocks indefinitely on a stuck or adversarial connection. NT under smtp_receive_timeout=0 configuration.",1252-1307,TBD,NEED MORE REVIEW - complex case,,,FALSE,,,,LATENT,EXPOSED
exim,https://github.com/Exim/exim.git,par_wait,src/src/deliver.c,NT,"Parallel-delivery wait function. The inner for(;;) at line 4144 retries blocking waitpid(pid, &status, 0) only on EINTR with no timeout. If the delivery child process is stuck (e.g., remote SMTP peer stalls), waitpid blocks the delivery manager indefinitely. The outer while((pid=waitpid(-1,&status,WNOHANG))<=0) loop has a finite 60-second poll timeout, but the inner specific-pid blocking waitpid has no deadline.",4045-4157,NT,"Intended non-termination in concurrency short loop in waitpid(-1, WNOHANG) in a loop",FALSE,FALSE,TRUE,,,,INTENDED,
exim,https://github.com/Exim/exim.git,deliver_transport_thread,src/src/deliver.c,NT,"Thread-mode transport wait: while((rc=wait(&status))!=pid) calls blocking wait() in a loop consuming child exit statuses until the specific pid is found or errno==ECHILD. No timeout or attempt counter. If the target transport process is stuck and no ECHILD ever fires, this loop blocks the delivery manager indefinitely.",2591-2598,FP,FUNCTION NOT FOUND,,,FALSE,,,,INTENDED,
exim,https://github.com/Exim/exim.git,rda_interpret,src/src/rda.c,NT,"Router/filter subprocess wait: while((rc=wait(&status))!=pid) loops with blocking wait() until the specific subprocess pid is found or ECHILD occurs. No timeout. If the redirection subprocess (running a filter program or Exim router) hangs, this blocks the router process indefinitely with no escape other than the process eventually dying.",959-964,NT,Intended non-termination concurrency with a blocking wait in a loop where a different process can block you forever,FALSE,FALSE,TRUE,,,,INTENDED,
exim,https://github.com/Exim/exim.git,pipe_transport,src/src/transports/pipe.c,NT,"Pipe transport subprocess reaper: while(wait(&rc)>=0) collects ALL subprocess exit statuses in a blanket loop until wait() returns -1 (ECHILD). No bound on the number of processes or wall-clock time. If any subprocess spawned during pipe delivery (e.g., output handler) is stuck, this blocks the transport indefinitely with no timeout.",1114-1114,NT,Intended non-termination concurrency loop with a tight wait() call,FALSE,FALSE,TRUE,,,,INTENDED,
exim,https://github.com/Exim/exim.git,read_message_data,src/src/receive.c,NT,"Message body reader for local (non-SMTP) input: while((ch=receive_getc(GETC_BUFFER_UNLIMITED))>=0) reads the entire message body character by character. The data timeout SIGALRM is armed only when receive_timeout>0. With receive_timeout=0 (the default for local input), no alarm is set and the loop blocks indefinitely on a stuck stdin or pipe with no EOF arriving.",725-800,NT,Non-termination in IO with UNLIMITED input buf,FALSE,FALSE,TRUE,,,,MANIFEST,EXPOSED
exim,https://github.com/Exim/exim.git,read_message_data_smtp,src/src/receive.c,NT,"Message body reader for SMTP input: same while((ch=receive_getc(GETC_BUFFER_UNLIMITED))>=0) loop. The data timeout fires via os_non_restarting_signal(SIGALRM, data_timeout_handler) before the loop, but only when smtp_receive_timeout>0. With smtp_receive_timeout=0 no timeout is armed and a peer that sends data infinitely slowly keeps this loop running indefinitely.",849-940,NT,Non-termination in IO with UNLIMITED input buf,FALSE,FALSE,TRUE,,,,MANIFEST,EXPOSED
wireshark,https://github.com/wireshark/wireshark.git,write_mmdbr_stdin_worker,epan/maxmind_db.c,NT,"Thread worker function that runs an infinite while(1) loop blocking on g_async_queue_pop() waiting for DNS lookup requests to write to the mmdbresolve child process stdin. Only exits when the stop sentinel mmdbr_stop_sentinel is pushed onto the queue or when a write error occurs, both of which are externally controlled events.",166-203,NT,Expected NT worker thread entry point,FALSE,FALSE,TRUE,,,,INTENDED,
wireshark,https://github.com/wireshark/wireshark.git,read_mmdbr_stdout_worker,epan/maxmind_db.c,NT,"Thread worker function that runs an infinite for(;;) loop reading from mmdbresolve child process stdout via g_io_channel_read_chars(). Parses GeoIP lookup results and pushes them onto a response queue. Only terminates when the pipe yields no data (child process exits) or a fatal error occurs, both externally driven events.",207-367,NT,Expected NT worker thread entry point,FALSE,FALSE,TRUE,,,,INTENDED,
wireshark,https://github.com/wireshark/wireshark.git,cap_thread_read,dumpcap.c,NT,Windows pipe reader thread function that loops while(pcap_src->cap_pipe_err == PIPOK) blocking on g_async_queue_pop() waiting for read requests from the main thread. Designed to run indefinitely reading capture pipe data until the pipe fails or is closed externally.,1526-1611,NT,Expected NT - Top level thread loop reading from a file,FALSE,FALSE,TRUE,,,,INTENDED,
wireshark,https://github.com/wireshark/wireshark.git,pcap_read_handler,dumpcap.c,NT,Capture thread worker function spawned per interface that loops while(global_ld.go && pcap_src->cap_pipe_err == PIPOK) continuously dispatching incoming packets via capture_loop_dispatch(). Runs indefinitely until the global stop flag is set by an external signal or the pipe fails.,4134-4150,NT,Expected NT - can diverge if given on a pipe that never ends (legitimate use case),FALSE,FALSE,TRUE,,,,INTENDED,
wireshark,https://github.com/wireshark/wireshark.git,print_statistics_loop,dumpcap.c,NT,Server-style statistics reporting loop that runs while(global_ld.go) sleeping 1 second between iterations and printing interface capture statistics. The comment in the code notes the cleanup code after the loop is never reached under normal operation. Terminates only via external signal (SIGINT/SIGTERM) or parent signal pipe.,988-1097,NT,Expected NT usage called from main() where main process just print statistics ad infinitum when a certain flag is passed to dumpcap tool.,FALSE,FALSE,TRUE,,,,INTENDED,EXPOSED
wireshark,https://github.com/wireshark/wireshark.git,capture_loop_start,dumpcap.c,NT,Main packet capture loop that runs while(global_ld.go) continuously dispatching incoming packets from network interfaces or pipes. Designed to run indefinitely capturing packets until stopped externally via capture_loop_stop() which is triggered by signals or parent process control pipe messages.,4226-4738,NT,"Expected NT by design, only terminate if error or signal is sent from parent ",FALSE,FALSE,TRUE,,,,INTENDED,
wireshark,https://github.com/wireshark/wireshark.git,sharkd_loop,sharkd_daemon.c,NT,"Daemon accept loop that runs while(1) calling accept() to wait for incoming client connections on a Unix or TCP socket, then fork()s a child process to handle each connection. Pure server event loop with no internal exit condition; terminates only via external signal or process kill.",391-505,NT,Expected NT daemon entry point not expected to terminate,FALSE,FALSE,TRUE,,,,INTENDED,
wireshark,https://github.com/wireshark/wireshark.git,GLibPoller::run,ui/qt/glib_mainloop_on_qeventloop.cpp,NT,QThread run() override that loops while(!isInterruptionRequested()) calling g_poll() which blocks waiting for GLib mainloop events. Designed to run for the lifetime of the application as a background polling thread; only exits when requestInterruption() is called externally from the destructor.,27-58,NT,Expected NT while (cond) poll();,FALSE,FALSE,TRUE,,,,INTENDED,
wireshark,https://github.com/wireshark/wireshark.git,InterfaceToolbarReader::loop,ui/qt/interface_toolbar_reader.cpp,NT,Qt slot function run in a dedicated QThread that uses a Qt forever macro (while(1)) with select() to block waiting for data on a control pipe from an extcap interface toolbar. Runs indefinitely reading toolbar control messages until the pipe closes or thread interruption is requested.,107-181,NT,"Expected NT using a forever macro leading to while (1) select(). While the timeout of this select is set, timeouting leads to trying select() again infinitely.",FALSE,FALSE,TRUE,,,,INTENDED,
sqlite,https://github.com/sqlite/sqlite.git,waitOnTable,test/threadtest5.c,NT,"Loops indefinitely polling sqlite_schema until another thread creates the named table; the only exit is when eFound==1, which requires an external thread to CREATE TABLE. No local counter or deadline; calls sqlite3_sleep(1) between retries with no timeout or maximum iteration count.",122-134,TEST,Test only - EXCLUDE,FALSE,FALSE,TRUE,,,,INTENDED,
sqlite,https://github.com/sqlite/sqlite.git,pthreadMutexEnter,src/mutex_unix.c,NT,"Calls pthread_mutex_lock(&p->mutex) with no timeout on both the SQLITE_HOMEGROWN_RECURSIVE_MUTEX path (line 270) and the standard path (line 279). If the holding thread never releases the lock, this blocks indefinitely. No timedwait variant is used.",251-292,NT,Expected non termination concurrency pthread_mutex_lock no timeout,FALSE,FALSE,TRUE,,,,INTENDED,
sqlite,https://github.com/sqlite/sqlite.git,wait_for_unlock_notify,src/test_thread.c,NT,"Calls pthread_cond_wait(&un.cond, &un.mutex) with no timeout. The condition un.fired is set only by the unlock_notify_cb callback, which fires only when another database connection commits or closes its transaction. If the blocking connection never releases its lock, pthread_cond_wait waits forever. No pthread_cond_timedwait with timeout is used.",462-496,TEST,Test only - EXCLUDE,FALSE,TRUE,FALSE,,,,INTENDED,
sqlite,https://github.com/sqlite/sqlite.git,sqlite3_blocking_step,src/test_thread.c,NT,"Outer while-loop: while(SQLITE_LOCKED==(rc=sqlite3_step(pStmt))) calls wait_for_unlock_notify() which contains an unbounded pthread_cond_wait. The loop continues as long as SQLITE_LOCKED is returned; if the blocking connection permanently holds a lock, the loop never exits. No iteration bound or wall-clock timeout.",509-517,TEST,Test only - EXCLUDE,FALSE,TRUE,FALSE,,,,INTENDED,
sqlite,https://github.com/sqlite/sqlite.git,sqlite3_blocking_prepare_v2,src/test_thread.c,NT,Outer while-loop: while(SQLITE_LOCKED==(rc=sqlite3_prepare_v2(...))) calls wait_for_unlock_notify() on each SQLITE_LOCKED. Unbounded if the blocking connection never releases; same analysis as sqlite3_blocking_step.,530-543,TEST,Test only - EXCLUDE,FALSE,TRUE,FALSE,,,,INTENDED,
sqlite,https://github.com/sqlite/sqlite.git,walBusyLock,src/wal.c,NT,"do { rc = walLockExclusive(...); } while( xBusy && rc==SQLITE_BUSY && xBusy(pBusyArg) ) — no iteration counter or wall-clock timeout. Terminates only when the OS lock succeeds or xBusy() returns 0. If the caller supplies a busy handler that always returns non-zero and another process permanently holds the WAL write lock, this loops forever.",2101-2119,NT,Expected nontermination concurrency (lock),FALSE,FALSE,TRUE,,,,INTENDED,
sqlite,https://github.com/sqlite/sqlite.git,pager_wait_on_lock,src/pager.c,NT,"do { rc = pagerLockDb(pPager, locktype); } while( rc==SQLITE_BUSY && pPager->xBusyHandler(pPager->pBusyHandlerArg) ) — identical pattern to walBusyLock. No iteration bound or internal timeout; termination depends entirely on xBusyHandler returning 0. If the busy handler never returns 0 and the OS lock is permanently contested, the loop is infinite.",3944-3961,NT,Expected nontermination concurrency (lock),FALSE,FALSE,TRUE,,,,INTENDED,
sqlite,https://github.com/sqlite/sqlite.git,test_thread_main,src/test4.c,NT,"Spin-wait loops: while( p->opnum<=p->completed ) sched_yield(). The condition p->opnum is set only by the controlling thread (Tcl test harness). If the controller never increments p->opnum, the worker thread busy-spins indefinitely. No timeout, no sleep bound, no iteration counter. The inner loop (while(p->xOp)) also depends on p->xOp being set to NULL externally.",68-113,TEST,Test only - exclude,FALSE,TRUE,FALSE,,,,INTENDED,
sqlite,https://github.com/sqlite/sqlite.git,winceMutexAcquire,src/os_win.c,NT,"do { dwErr = osWaitForSingleObject(h, INFINITE); } while(dwErr != WAIT_OBJECT_0 && dwErr != WAIT_ABANDONED). WaitForSingleObject with INFINITE timeout blocks until the Win32 mutex handle is signaled. If the owning thread holds the mutex and never releases it, this loop never exits. Windows-CE-only code path.",2357-2362,NT,"Expected NT - do { wait(h, INFINITE); } while (cond) } ",FALSE,FALSE,TRUE,,,,INTENDED,
sqlite,https://github.com/sqlite/sqlite.git,sqlite3Win32Wait,src/os_win.c,NT,"while( (rc = osWaitForSingleObjectEx(hObject, INFINITE, TRUE))==WAIT_IO_COMPLETION ){}. Waits INFINITE with alertable flag; retries whenever an APC wakes the wait early. If APCs keep arriving continuously and the object is never signaled, this loops indefinitely. Used as a thread-synchronization primitive in the worker-thread pool (SQLITE_MAX_WORKER_THREADS > 0).",1508-1513,NT,Expected NT - while (wait()) { },FALSE,FALSE,TRUE,,,,INTENDED,
sqlite,https://github.com/sqlite/sqlite.git,robust_open,src/os_unix.c,NT,"while(1) loop retries open() on EINTR (line 731: if(errno==EINTR) continue). If the fd is below SQLITE_MINIMUM_FILE_DESCRIPTOR=3, it closes the low fd, opens /dev/null to advance the fd counter, and retries — leaking one fd per retry. The EINTR-only path has no retry bound; if the process is repeatedly interrupted by signals without limit, the loop has no bounded retry count.",721-759,UNT,NT in IO - Should use fuel pattern. while (1) { eintr = read(); if (eintr) continue; },FALSE,FALSE,TRUE,,,,MANIFEST,
