1project,repo,function,file,outcome,class,explanation,,NT,T,Exclude Latent
BDE,https://github.com/bloomberg/bde/tree/4d68783f7c9369510c61b51388ee5c353b01c67e,cancelEventAndWait,groups/bdl/bdlmt/bdlmt_eventscheduler.cpp:932,NT,Concurrency,while (1) ... cond.wait(d_mutex) pattern may or may not terminate with a concurrent thread,,65,133,9
BDE,https://github.com/bloomberg/bde/tree/4d68783f7c9369510c61b51388ee5c353b01c67e,allocate,groups/bdl/bdlma/bdlma_concurrentpoolallocator.cpp:145,NT,Concurrency,while (1) never breaks if k_INITIALIZATING is infinitely returned from testAndSwap(),,,,
BDE,https://github.com/bloomberg/bde/tree/4d68783f7c9369510c61b51388ee5c353b01c67e,worker,groups/bdl/bdlmt/bdlmt_multiprioritythreadpool.cpp:76,NT,Concurrency,do { ... } while (e_RESUME != d_threadSuspendState) may not terminate,,,,
BDE,https://github.com/bloomberg/bde/tree/4d68783f7c9369510c61b51388ee5c353b01c67e,waitWhilePausing,bdlmt_multiqueuethreadpool.cpp:482,NT,Concurrency,while (e_PAUSING == d_runState) wait(lock) may not terminate unless a thread unlocks it,,,,
BDE,https://github.com/bloomberg/bde/tree/4d68783f7c9369510c61b51388ee5c353b01c67e,workerThread,groups/bdl/bdlmt/bdlmt_threadpool.cpp:290,NT,Concurrency,while (0 == waitNode.d_hasJob) waitNode.wait(mutex); may execute forever,,,,
BDE,https://github.com/bloomberg/bde/tree/4d68783f7c9369510c61b51388ee5c353b01c67e,yieldToDispatcher,groups/bdl/bdlmt/bdlmt_timereventscheduler.cpp:412,NT,Concurrency,while (it) yield() may not terminate unless broken by another thread,,,,
BDE,https://github.com/bloomberg/bde/tree/4d68783f7c9369510c61b51388ee5c353b01c67e,bslmt::Barrier::~Barrier,groups/bsl/bslmt/bslmt_barrier.cpp:14,NT,Concurrency,while (1) lock(mutex) may not terminate without another thread,,,,
BDE,https://github.com/bloomberg/bde/tree/4d68783f7c9369510c61b51388ee5c353b01c67e,wait ,groups/bsl/bslmt/bslmt_barrier.cpp:65,NT,Concurrency,while (cond) wait(mutex) will not terminate unless broken by another thread,,,,
BDE,https://github.com/bloomberg/bde/tree/4d68783f7c9369510c61b51388ee5c353b01c67e,lockRead,groups/bsl/bslmt/bslmt_readerwriterlock.cpp:42,NT,Concurrency,do { ... readCond.wait() } while (1) wont terminate unless another thread breaks it,,,,
BDE,https://github.com/bloomberg/bde/tree/4d68783f7c9369510c61b51388ee5c353b01c67e,BloombergLP::bslmt::ReaderWriterLock::lockWrite,groups/bsl/bslmt/bslmt_readerwriterlock.cpp:129,NT,Concurrency,while (...) cond.wait(mutex) wont terminate unless another thread breaks it,,,,
BDE,https://github.com/bloomberg/bde/tree/4d68783f7c9369510c61b51388ee5c353b01c67e,BloombergLP::bslmt::ReaderWriterLock::tryUpgradeToWriteLock,groups/bsl/bslmt/bslmt_readerwriterlock.cpp:290,NT,Concurrency,while (...) cond.wait(mutex) wont terminate unless another thread breaks it,,,,
BDE,https://github.com/bloomberg/bde/tree/4d68783f7c9369510c61b51388ee5c353b01c67e,BloombergLP::bslmt::Sluice::wait,bslmt_sluice.cpp:121,NT,Concurrency,for (;;) { if (signaled) break; } wont terminate unless another thread signals,,,,
BDE,https://github.com/bloomberg/bde/tree/4d68783f7c9369510c61b51388ee5c353b01c67e,BloombergLP::bsls::BslOnce::doEnter,bsls_bslonce.cpp:39,NT,Concurrency,while (state != done) yield() may not terminate until another thread change state,,,,
BDE,https://github.com/bloomberg/bde/tree/4d68783f7c9369510c61b51388ee5c353b01c67e,BloombergLP::bsls::SpinLock::lockWithoutBackoff,groups/bsl/bsls/bsls_spinlock.h:567,NT,Concurrency,do { if (acquire(state)) break; } while (1) may not terminate until another thread change state,,,,
BDE,https://github.com/bloomberg/bde/tree/4d68783f7c9369510c61b51388ee5c353b01c67e,BloombergLP::bslstl::StopState::deregister,groups/bsl/bslstl/bslstl_stopstate.cpp:71,NT,Concurrency,while (acquire()) yield() may not terminate until lock is acquired,,,,
BDE,https://github.com/bloomberg/bde/tree/4d68783f7c9369510c61b51388ee5c353b01c67e,BloombergLP::bslstl::StopState::requestStop,groups/bsl/bslstl/bslstl_stopstate.cpp:112,NT,Concurrency,while (true) { BslLockGuard(mutex); if (finish) break; }  may not terminate until another thread progress,,,,
BDE,https://github.com/bloomberg/bde/tree/4d68783f7c9369510c61b51388ee5c353b01c67e,BloombergLP::bslmt::ReaderWriterLock::upgradeToWriteLock,groups/bsl/bslmt/bslmt_readerwriterlock.cpp:198,NT,Concurrency,while (...) cond.wait(mutex) wont terminate unless another thread breaks it,,,,
BDE,https://github.com/bloomberg/bde/tree/4d68783f7c9369510c61b51388ee5c353b01c67e,defaultZoneinfoDataLocation,groups/bal/baltzo/baltzo_defaultzoneinfocache.cpp:119,T,Unknown,for (int ii = 0; ii < u::k_NUM_BALTZO_DATA_LOCATIONS; ++ii) clearly terminates,,,,
BDE,https://github.com/bloomberg/bde/tree/4d68783f7c9369510c61b51388ee5c353b01c67e,timedWait,groups/bsl/bslmt/bslmt_barrier.cpp:39,T,Missing_Model,timedWait(int s) should be modeled as a terminating API using manual summary,,,,
BDE,https://github.com/bloomberg/bde/tree/4d68783f7c9369510c61b51388ee5c353b01c67e,BloombergLP::bsls::AssertImpUtil::failBySleep,bsls_assertimputil.cpp:95,T,Missing_Model,Need a model of sleep() to understand it is terminating,,,,
BDE,https://github.com/bloomberg/bde/tree/4d68783f7c9369510c61b51388ee5c353b01c67e,findUniqueInsertLocation,groups/bsl/bslalg/bslalg_rbtreeutil.h:1613,T,Unknown,while (node) if (left) node = node->left(); else node = node->right() should be terminating if RBT is well formed,,,,
bind,https://gitlab.isc.org/isc-projects/bind9/-/blob/d45a3920866e45a6093b0fbca3e232a3cda775ef,isc_rwlock_wrlock,rwlock.c:233,NT,Concurrency,Concurrency: Intended rwlock will block until acquired,,,,
bind,https://gitlab.isc.org/isc-projects/bind9/-/blob/d45a3920866e45a6093b0fbca3e232a3cda775ef,read_indicator_wait_until_empty,rwlock.c:222,NT,Concurrency,while (true) if if_indicator_is_empty(rwl) break; synchronization between threads,,,,
bind,https://gitlab.isc.org/isc-projects/bind9/-/blob/d45a3920866e45a6093b0fbca3e232a3cda775ef,nsu_strsep,bin/nsupdate/nsupdate.c:322,T,Missing_Constraint,Missing reasoning: for (s = string; *s != '\0'; s++) thinks s is not induction variable but *s is?,,,,
bind,https://gitlab.isc.org/isc-projects/bind9/-/blob/d45a3920866e45a6093b0fbca3e232a3cda775ef,isc_log_setdebuglevel,lib/isc/log.c:634,T,Confusing_Macro,"Missing constraint: due to macro: for (channel = ISC_LIST_HEAD(); channel; channel = ISC_LIST_NEXT(channel, link)",,,,
comdb2,https://github.com/bloomberg/comdb2/tree/224d287d6d7a047d7a539d8a7ab1e3d428ac2845,physrep_worker,db/phys_rep.c:1366,NT,Concurrency,By Design: infinite goto loop repl_loop for thread,,,,
comdb2,https://github.com/bloomberg/comdb2/tree/224d287d6d7a047d7a539d8a7ab1e3d428ac2845,cron_lock,db/cron.c:397,NT,Concurrency,Concurrency: awaiting for an event to finish,,,,
comdb2,https://github.com/bloomberg/comdb2/tree/224d287d6d7a047d7a539d8a7ab1e3d428ac2845,reqlog_free_events,db/reqlog.c:1026,NT,Concurrency,Concurrency: while (logged->events) ... (looks by design),,,,
comdb2,https://github.com/bloomberg/comdb2/tree/224d287d6d7a047d7a539d8a7ab1e3d428ac2845,stat4dump_thread,db/sqlglue.c:12174,NT,Concurrency,By Design: while (gbl_debug_stat4dump_loop) by thread design,,,,
comdb2,https://github.com/bloomberg/comdb2/tree/224d287d6d7a047d7a539d8a7ab1e3d428ac2845,log_params,db/reqlog.c:1744,T,Fixed,for (int i = 0; i < n; ++i) with n = parm_count(param->fiedval),,,,
comdb2,https://github.com/bloomberg/comdb2/tree/224d287d6d7a047d7a539d8a7ab1e3d428ac2845,req_stats,db/sltdbt.c:77,T,Fixed,Induction variable tested on param->field value should not show up,,,,
comdb2,https://github.com/bloomberg/comdb2/tree/224d287d6d7a047d7a539d8a7ab1e3d428ac2845,free_cached_idx,db/sqlglue.c:139,T,Fixed,for (i = 0; i < MAXINDEX; i++) ,,,,
comdb2,https://github.com/bloomberg/comdb2/tree/224d287d6d7a047d7a539d8a7ab1e3d428ac2845,free_blob_buffers,db/tag.c:5032,T,Fixed,for (ii = 0; ii < nblobs; ii++) { ... } where nblobs comes from param,,,,
comdb2,https://github.com/bloomberg/comdb2/tree/224d287d6d7a047d7a539d8a7ab1e3d428ac2845,update_dbstore,db/tag.c:5949,T,Fixed,for (int i = 0; i < sizeof db->dbstore / sizeof db->dbstore[0]; ++i),,,,
comdb2,https://github.com/bloomberg/comdb2/tree/224d287d6d7a047d7a539d8a7ab1e3d428ac2845,free_blob_status_data_int,db/toblob.c:872,T,Fixed,for (ii = 0; ii < MAXBLOBS; ii++),,,,
comdb2,https://github.com/bloomberg/comdb2/tree/224d287d6d7a047d7a539d8a7ab1e3d428ac2845,idxCreateFromWhere,sqlite/ext/expert/sqllite3expert.c:1018,T,Fixed,Unknown cause: Should assume finiteness of input: for(pCon=pScan->pRange; rc==SQLITE_OK && pCon; pCon=pCon->pNext){ ... },,,,
comdb2,https://github.com/bloomberg/comdb2/tree/224d287d6d7a047d7a539d8a7ab1e3d428ac2845,idxCreateCandidates,sqlite/ext/expert/sqllite3expert.c:1057,T,Fixed,Unknown cause: Finiteness of input: for(pIter=p->pScan; pIter && rc==SQLITE_OK; pIter=pIter->pNextScan){ ... },,,,
comdb2,https://github.com/bloomberg/comdb2/tree/224d287d6d7a047d7a539d8a7ab1e3d428ac2845,hash_for,util/plhash.c:1640,T,Fixed,Unknown cause: Unable to understand bound value for induction variable coming from variable as ptr->field1.field2,,,,
comdb2,https://github.com/bloomberg/comdb2/tree/224d287d6d7a047d7a539d8a7ab1e3d428ac2845,cleanresources,db/resource.c:174,T,Missing_Function,Missing external func constraint: Pattern: while (listc_rtl(&lst) != NULL),,,,
comdb2,https://github.com/bloomberg/comdb2/tree/224d287d6d7a047d7a539d8a7ab1e3d428ac2845,free_dests,schemachange/sc_struct.c:79,T,Missing_Function,Missing external function constraint: for (; s->dests.count > 0;) where dests.count is modified by listc_rbl(s->dests) called inside the loop,,,,
comdb2,https://github.com/bloomberg/comdb2/tree/224d287d6d7a047d7a539d8a7ab1e3d428ac2845,process_manifest,tools/comdb2ar/deserialise.cpp:111,T,Missing_Function,Unable to understand eof() / getline() API for std::istringstream coming from finite string.,,,,
comdb2,https://github.com/bloomberg/comdb2/tree/224d287d6d7a047d7a539d8a7ab1e3d428ac2845,comdb2ma_release,mem/mem.c:655,T,Confusing_Macro,"Unable to understand macro logic LISTC_FOR_EACH(&(root.list), curpos, lnk) ",,,,
comdb2,https://github.com/bloomberg/comdb2/tree/224d287d6d7a047d7a539d8a7ab1e3d428ac2845,clear_recs_list,schemachange/sc_records.c:2077,T,Confusing_Macro,"Unable to understand macro logic LISTC_FOR_EACH_SAFE(l, rec, tmp, lnk)",,,,
comdb2,https://github.com/bloomberg/comdb2/tree/224d287d6d7a047d7a539d8a7ab1e3d428ac2845,net_cleanup,net/net.c:2401,T,Global_Variable,Global Variable: for (uint8_t i = 0; i < num_dedicated_subnets; i++) {  ... } where num_dedicated_subnets is global ,,,,
comdb2,https://github.com/bloomberg/comdb2/tree/224d287d6d7a047d7a539d8a7ab1e3d428ac2845,completionNext,sqlite/ext/misc/completion.c/completion.c:204,T,State_Machine,Unable to understand FSM: while( pCur->ePhase!=COMPLETION_EOF ) { ... },,,,
comdb2,https://github.com/bloomberg/comdb2/tree/224d287d6d7a047d7a539d8a7ab1e3d428ac2845,comdb2_cheapstack_sym_valist,util/walkback.c:590,T,Unknown_Function,Unable to understand glibc's backtrace semantics without a summary,,,,
comdb2,https://github.com/bloomberg/comdb2/tree/224d287d6d7a047d7a539d8a7ab1e3d428ac2845,comdb2_cheapstack_sym_char_array,util/walkback.c:628,T,Unknown_Function,Unable to understand glibc's backtrace semantics without a summary,,,,
comdb2,https://github.com/bloomberg/comdb2/tree/224d287d6d7a047d7a539d8a7ab1e3d428ac2845,parserDoubleLinkSelect,sqlite/src/parse.y:739,T,Missing_Constraint,FP unable to understand reverse walk of a linked list,,,,
comdb2,https://github.com/bloomberg/comdb2/tree/224d287d6d7a047d7a539d8a7ab1e3d428ac2845,bdb_direct_count,bdb/cursor.c:8772,T,Fixed,Unknown: FP (short loop),,,,
comdb2,https://github.com/bloomberg/comdb2/tree/224d287d6d7a047d7a539d8a7ab1e3d428ac2845,bdb_queuedb_size,bdb/file.c:7398,T,Fixed,Unknown: FP (short loop),,,,
comdb2,https://github.com/bloomberg/comdb2/tree/224d287d6d7a047d7a539d8a7ab1e3d428ac2845,__db_vrfy_dbinfo_destroy,berkdb/db/db_vrfyutil.c:105,T,Confusing_Macro,Unable to understand macro logic: for (c = LIST_FIRST(&vdp->subdbs); c != NULL; c = d),,,,
comdb2,https://github.com/bloomberg/comdb2/tree/224d287d6d7a047d7a539d8a7ab1e3d428ac2845,__dbenv_clear_mintruncate_list,berkdb/env/env_recover.c:552,T,Missing_Function,Missing external func constraint: Pattern: while (listc_rtl(&lst) != NULL),,,,
comdb2,https://github.com/bloomberg/comdb2/tree/224d287d6d7a047d7a539d8a7ab1e3d428ac2845,clear_sparse_map,berkdb/lock/lock_deadlock.c:124,T,Fixed,Unknown cause: induction variable tested on param->field should not show up,,,,
comdb2,https://github.com/bloomberg/comdb2/tree/224d287d6d7a047d7a539d8a7ab1e3d428ac2845,lc_free,berkdb/rep/rep_record.c:388,T,Confusing_Macro,Unable to understand macro logic in berkdb,,,,
comdb2,https://github.com/bloomberg/comdb2/tree/224d287d6d7a047d7a539d8a7ab1e3d428ac2845,__truncate_repdb,berkdb/rep/rep_record.c:8359,T,Missing_Function,Missing external func constraint: Pattern: while (listc_rtl(&lst) != NULL),,,,
comdb2,https://github.com/bloomberg/comdb2/tree/224d287d6d7a047d7a539d8a7ab1e3d428ac2845,__txn_remrem,berkdb/txn/txn_util.c:143,T,Confusing_Macro,Unable to understand macro logic in berkdb,,,,
comdb2,https://github.com/bloomberg/comdb2/tree/224d287d6d7a047d7a539d8a7ab1e3d428ac2845,__txn_remlock,berkdb/txn/txn_util.c:208,T,Confusing_Macro,Unable to understand macro logic in berkdb,,,,
comdb2,https://github.com/bloomberg/comdb2/tree/224d287d6d7a047d7a539d8a7ab1e3d428ac2845,cdb2_cluster_info,cdb2api/cdb2api.c:6029,T,Fixed,Unknown cause: maybe short loop,,,,
comdb2,https://github.com/bloomberg/comdb2/tree/224d287d6d7a047d7a539d8a7ab1e3d428ac2845,cdb2_string_escape,cdb2api/cdb2api.c:8316,T,Assume_Finite,Finiteness of input: while (*src)) where *src does not change but src does!,,,,
comdb2,https://github.com/bloomberg/comdb2/tree/224d287d6d7a047d7a539d8a7ab1e3d428ac2845,lua_func_list_free,db/comdb2.c:2836,T,Confusing_Macro,"Unable to understand macro logic: FP  LISTC_FOR_EACH_SAFE(list_ptr, item, tmp, lnk)",,,,
comdb2,https://github.com/bloomberg/comdb2/tree/224d287d6d7a047d7a539d8a7ab1e3d428ac2845,_access_control_clear,db/fdb_access.c:294,T,Confusing_Macro,"Unable to understand macro logic: FP  LISTC_FOR_EACH_SAFE(list_ptr, item, tmp, lnk)",,,,
comdb2,https://github.com/bloomberg/comdb2/tree/224d287d6d7a047d7a539d8a7ab1e3d428ac2845,_fdb_svc_indexes_to_ondisk,db/fdb_bend_sql.c:696,T,Fixed,Unknown cause: induction variable is tested on ptr->field but ptr is the param changing,,,,
comdb2,https://github.com/bloomberg/comdb2/tree/224d287d6d7a047d7a539d8a7ab1e3d428ac2845,_free_participants,db/osqlsession.c:161,T,Missing_Function,Missing external func constraint: Pattern: while (listc_rtl(&lst) != NULL),,,,
comdb2,https://github.com/bloomberg/comdb2/tree/224d287d6d7a047d7a539d8a7ab1e3d428ac2845,clear_participants,db/sqlglue.c:2527,T,Missing_Constraint,Missing external func constraint: Pattern: while (listc_rtl(&lst) != NULL),,,,
CryptoPP,https://github.com/weidai11/cryptopp/tree/60f81a77e0c9a0e7ffc1ca1bc438ddfa2e43b78e,CryptoPP::AlignedAllocate,allocate.cpp:40,NT,Real_Bug,Infinite loop for memory allocation wrapper should use fuel pattern,,,,
CryptoPP,https://github.com/weidai11/cryptopp/tree/60f81a77e0c9a0e7ffc1ca1bc438ddfa2e43b78e,CryptoPP::UnalignedAllocate,allocate.cpp:89,NT,Real_Bug,Infinite loop for memory allocation wrapper should use fuel pattern,,,,
CryptoPP,https://github.com/weidai11/cryptopp/tree/60f81a77e0c9a0e7ffc1ca1bc438ddfa2e43b78e,CryptoPP::EncodedObjectFilter::Put,asn.cpp:401,T,Missing_Model,while (m_queue.AnyRetrievable()) pattern on m_queue global variable,,,,
CryptoPP,https://github.com/weidai11/cryptopp/tree/60f81a77e0c9a0e7ffc1ca1bc438ddfa2e43b78e,CryptoPP::Tiger::Transform,tiger.cpp:54,T,Missing_Constraint,Pulse-infinite does not capture break logic in a while (true) where break solely provide exit,,,,
exim,https://github.com/Exim/exim/tree/5038b83023cf594bba28afd5454f0bc8629950f4,send_fd_over_socket,log.c:312,NT,Real_Bug,,,,,
exim,https://github.com/Exim/exim/tree/5038b83023cf594bba28afd5454f0bc8629950f4,daemon_go,src/src/daemon.c:1697 ,T,Assume_Finite,"Should assume finiteness of strings manipulated through API: while ((s = string_nextinlist(&list, &sep, big_buffer, big_buffer_size)))",,,,
exim,https://github.com/Exim/exim/tree/5038b83023cf594bba28afd5454f0bc8629950f4,options,src/src/exim_dbutil.c:165,T,Missing_Function,"Missing constraint/model: Does not understand API: while ((opt = getopt(argc, (char * const *)argv, CCS opts)) != -1)",,,,
exim,https://github.com/Exim/exim/tree/5038b83023cf594bba28afd5454f0bc8629950f4,retry_update,src/src/retry.c:579,T,Fixed,short loop: for (int i = 0; i < 3; i++),,,,
exim,https://github.com/Exim/exim/tree/5038b83023cf594bba28afd5454f0bc8629950f4,x509_stack_dump_cert_s_names,src/src/tls-openssl.c:1982,T,Fixed,Missing constraint/model: while (--idx >= 0) where idx is int idx = sk_X509_num(sk) and sk is param,,,,
exim,https://github.com/Exim/exim/tree/5038b83023cf594bba28afd5454f0bc8629950f4,tls_server_stapling_cb,src/src/tls-openssl.c:2385,T,Fixed,for (; olist; olist = olist->next),,,,
exim,https://github.com/Exim/exim/tree/5038b83023cf594bba28afd5454f0bc8629950f4,chain_from_pem_file,src/src/tls-openssl.c:3175,T,Missing_Function,Missing constraint/model: Fail to understand API: while (sk_X509_num(verify_stack) > 0)  X509_free(sk_X509_pop(verify_stack));,,,,
FreeImage,https://github.com/danoli3/FreeImage/tree/8268e809b0827870763444e8a8e58e0a83a733f5,int_upsample,Source/LibJPEG/jdsample.c:190,NT,Real_Bug,if h_expand = 0 (coming from sample!) then loop while (outptr < outend) never progress,,,,
FreeImage,https://github.com/danoli3/FreeImage/tree/8268e809b0827870763444e8a8e58e0a83a733f5,horAcc8,Source/LibTIFF4/tif_predict.c:342,NT,Real_Bug,This is guarded by assert() so may not be triggerable - should do proper error return path,,,,
FreeImage,https://github.com/danoli3/FreeImage/tree/8268e809b0827870763444e8a8e58e0a83a733f5,horAcc16,Source/LibTIFF4/tif_predict.c:411,NT,Real_Bug,This is guarded by assert() so may not be triggerable - should do proper error return path,,,,
FreeImage,https://github.com/danoli3/FreeImage/tree/8268e809b0827870763444e8a8e58e0a83a733f5,horAcc32,Source/LibTIFF4/tif_predict.c:448,NT,Real_Bug,This is guarded by assert() so may not be triggerable - should do proper error return path,,,,
FreeImage,https://github.com/danoli3/FreeImage/tree/8268e809b0827870763444e8a8e58e0a83a733f5,horDiff8,Source/LibTIFF4/tif_predict.c:614,NT,Real_Bug,This is guarded by assert() so may not be triggerable - should do proper error return path,,,,
FreeImage,https://github.com/danoli3/FreeImage/tree/8268e809b0827870763444e8a8e58e0a83a733f5,horDiff16,Source/LibTIFF4/tif_predict.c:692,NT,Real_Bug,This is guarded by assert() so may not be triggerable - should do proper error return path,,,,
FreeImage,https://github.com/danoli3/FreeImage/tree/8268e809b0827870763444e8a8e58e0a83a733f5,horDiff32,Source/LibTIFF4/tif_predict.c:732,NT,Real_Bug,This is guarded by assert() so may not be triggerable - should do proper error return path,,,,
FreeImage,https://github.com/danoli3/FreeImage/tree/8268e809b0827870763444e8a8e58e0a83a733f5,run,Source/OpenEXR/IlmThread/IlmThreadPool.cpp:122,NT,Concurrency,while (true) { data.semaphore.wait(); if (data.stopped()) break; } need concurrent thread to terminate,,,,
FreeImage,https://github.com/danoli3/FreeImage/tree/8268e809b0827870763444e8a8e58e0a83a733f5,FreeImage_GetFileTypeFromHandle,Source/FreeImage/GetType.cpp:37,T,Fixed,for (int i = 0; i < fif_count; ++i) definitely terminates,,,,
FreeImage,https://github.com/danoli3/FreeImage/tree/8268e809b0827870763444e8a8e58e0a83a733f5,GetBlockColors,Source/FreeImage/PluginDDS.cpp:373,T,Fixed,for (i = 0; i < 2; i++) definitely terminates,,,,
FreeImage,https://github.com/danoli3/FreeImage/tree/8268e809b0827870763444e8a8e58e0a83a733f5,M3D,Source/FreeImage/WuQuantizer.cpp:185,T,Fixed,for(i = 0; i <= 32; i++) definitely terminates,,,,
FreeImage,https://github.com/danoli3/FreeImage/tree/8268e809b0827870763444e8a8e58e0a83a733f5,jpeg_idct_3x3,Source/LibJPEG/jidctint.c/jidctint.c:937,T,Fixed,for (ctr = 0; ctr < 3; ctr++) { definitely terminates,,,,
FreeImage,https://github.com/danoli3/FreeImage/tree/8268e809b0827870763444e8a8e58e0a83a733f5,do_rot_180,Source/LibJPEG/transupp.c:1213,T,Fixed,for (j = 0; j < DCTSIZE; j++) definitely terminates,,,,
FreeImage,https://github.com/danoli3/FreeImage/tree/8268e809b0827870763444e8a8e58e0a83a733f5,do_transverse,Source/LibJPEG/transupp.c:1321,T,Fixed,for (j = 0; j < DCTSIZE; j++) definitely terminates,,,,
FreeImage,https://github.com/danoli3/FreeImage/tree/8268e809b0827870763444e8a8e58e0a83a733f5,TIFFLinkDirectory,Source/LibTIFF4/tif_dirwrite.c:2952 ,T,Missing_Function,while (1) { if (ReadOK()) break; } where ReadOK is a macro calling a funcptr,,,,
FreeImage,https://github.com/danoli3/FreeImage/tree/8268e809b0827870763444e8a8e58e0a83a733f5,Iex::throwErrnoExc,Source/OpenEXR/Iex/IexThrowErrnoExc.cpp:56 ,T,Missing_Model,"while (std::string::npos != (pos = tmp.find (""%T""))) tmp.replace(...) will terminate due to programming idiom",,,,
FreeImage,https://github.com/danoli3/FreeImage/tree/8268e809b0827870763444e8a8e58e0a83a733f5,rotateBuf2,Source/OpenEXR/IlmImf/ImfRgbaFile.cpp:1096,T,Unknown,for (int i = 0; i < 3; ++i) definitely terminates. Note: exactly same loop earlier in func. Is there a cfg node issue?,,,,
FreeImage,https://github.com/danoli3/FreeImage/tree/8268e809b0827870763444e8a8e58e0a83a733f5,reconstructLineOffsets,Source/OpenEXR/IlmImf/ImfScanLineInputFile.cpp:282,T,Unknown,for (unsigned int i = 0; i < lineOffsets.size(); i++) definitely terminates,,,,
FreeImage,https://github.com/danoli3/FreeImage/tree/8268e809b0827870763444e8a8e58e0a83a733f5,start_pass,Source/LibJPEG/jddctmgr.c:90,T,Unknown,Nested loop - Obvious termination for (row = 0; row < DCTSIZE; row++),,,,
FreeImage,https://github.com/danoli3/FreeImage/tree/8268e809b0827870763444e8a8e58e0a83a733f5,do_flip_v,Source/LibJPEG/transupp.c:933,T,Unknown,Nested loop - Obvious termination for (j = 0; j < DCTSIZE; j++),,,,
FreeImage,https://github.com/danoli3/FreeImage/tree/8268e809b0827870763444e8a8e58e0a83a733f5,do_transpose,Source/LibJPEG/transupp.c:1013,T,Unknown,Nested loop - for (j = 0; j < DCTSIZE; j++),,,,
FreeImage,https://github.com/danoli3/FreeImage/tree/8268e809b0827870763444e8a8e58e0a83a733f5,Imath::minEigenVector,Source/OpenEXR/Imath/ImathMatrixAlgo.cpp:1200,T,Unknown,for(unsigned int i = 0; i < TV::dimensions(); ++i) terminates (note: has 2 exact copies of this loop in the code! bug due to optim?),,,,
FreeImage,https://github.com/danoli3/FreeImage/tree/8268e809b0827870763444e8a8e58e0a83a733f5,Imath::maxEigenVector,Source/OpenEXR/Imath/ImathMatrixAlgo.cpp:1181,T,Unknown,for(unsigned int i = 0; i < TV::dimensions(); ++i) terminates (note: has 2 exact copies of this loop in the code! bug due to optim?),,,,
gpac,https://github.com/gpac/gpac/tree/b655955b840ccd7c7198bb15375aa510e76208eb,compositor_2d_set_aspect_ratio,src/compositor/compositor_2d.c:986,NT,Concurrency,Concurrency: UI visual changed (from event by user),,,,
gpac,https://github.com/gpac/gpac/tree/b655955b840ccd7c7198bb15375aa510e76208eb,Remotery_MapMessageQueue,src/utils/Remotery.c:4817,NT,Concurrency,Concurrency: Wait until the caller sets the custom data,,,,
gpac,https://github.com/gpac/gpac/tree/b655955b840ccd7c7198bb15375aa510e76208eb,svg_dump_path,src/scenegraph/svg_attributes.c:4050,NT,Real_Bug,,,,,
gpac,https://github.com/gpac/gpac/tree/b655955b840ccd7c7198bb15375aa510e76208eb,gf_read_line_input,src/utils/os_divers.c:3212,NT,User_Event,Call to readline() never comes back potentially,,,,
gpac,https://github.com/gpac/gpac/tree/b655955b840ccd7c7198bb15375aa510e76208eb,gpac_suggest_arg,applications/gpac/gpac_help.c:1085,T,Missing_Constraint,Missing Reasoning: while (args[i].name) with i changing,,,,
gpac,https://github.com/gpac/gpac/tree/b655955b840ccd7c7198bb15375aa510e76208eb,gpac_suggest_filter,applications/gpac/gpac_help.c:1126,T,Missing_Constraint,Missing Reasoning: while (doc_helps[i]) with only i changing,,,,
gpac,https://github.com/gpac/gpac/tree/b655955b840ccd7c7198bb15375aa510e76208eb,PrintHelpArg,applications/mp4box/mp4box.c:1755,T,Missing_Constraint,Missing Reasoning: while (reg->args) does not change but recursion is controlled by break statement on other variables arg and j,,,,
gpac,https://github.com/gpac/gpac/tree/b655955b840ccd7c7198bb15375aa510e76208eb,gf_bifs_enc_commands,src/bifs/com_enc.c:839,T,Missing_Function,Missing constraint/model: while (gf_list_count(codec->encoded_nodes)) list_rm(codec->encoded_nodes),,,,
gpac,https://github.com/gpac/gpac/tree/b655955b840ccd7c7198bb15375aa510e76208eb,MS_Modified,src/compositor/mpeg4_mediasensor.c:117,T,Missing_Function,"Missing constraint/model: while (gf_list_count(st->seg)) gf_list_rem(st->seg, 0);",,,,
gpac,https://github.com/gpac/gpac/tree/b655955b840ccd7c7198bb15375aa510e76208eb,rtpin_setup_sdp,src/filters/in_rtp_sdp.c:34,T,Missing_Function,"Missing constraint/model: while ((media = (GF_SDPMedia*)gf_list_enum(sdp->media_desc, &i))) API",,,,
gpac,https://github.com/gpac/gpac/tree/b655955b840ccd7c7198bb15375aa510e76208eb,rtpin_stream_new,src/filters/in_rtp_stream.c:275,T,Missing_Function,Missing constraint/model: Unable to understand gf_list_enum API,,,,
gpac,https://github.com/gpac/gpac/tree/b655955b840ccd7c7198bb15375aa510e76208eb,dump_escape_string,src/isomedia/box_dump.c:470,T,Fixed,FP short loop of for (i=0; i<len; i++) { where len = 0,,,,
gpac,https://github.com/gpac/gpac/tree/b655955b840ccd7c7198bb15375aa510e76208eb,ipma_box_size,src/isomedia/iff.c:688,T,Fixed,Missing constraint/model: for (i = 0; i < entry_count; i++) where entry_count is gf_list_count(p->entries) where p comes from input,,,,
gpac,https://github.com/gpac/gpac/tree/b655955b840ccd7c7198bb15375aa510e76208eb,estimate_next_moof_earliest_presentation_time,movie_fragments.c:1609 ,T,Fixed,Missing constraint/model: for (i=0; i<gf_list_count(moof->TrackList); i++) unknown API,,,,
gpac,https://github.com/gpac/gpac/tree/b655955b840ccd7c7198bb15375aa510e76208eb,gf_mpd_parse_segment_base_generic,src/media_tools/mpd.c:341,T,Missing_Function,"Missing constraint/model: unable to understand API:  while ( (child = gf_list_enum(root->content, &i)))",,,,
gpac,https://github.com/gpac/gpac/tree/b655955b840ccd7c7198bb15375aa510e76208eb,bs_handle_nbits_overflow,bitstream.c:919,T,Missing_Constraint,(BV) Missing constraint/model: tool does not understand the constraint coming from the caller on max_shift (bad propagation!),,,,
gpac,https://github.com/gpac/gpac/tree/b655955b840ccd7c7198bb15375aa510e76208eb,check_header,gzio.c:274,T,Fixed,for (len = 0; len < 6; len++) (void)get_byte(s); NOT SURE WHY?,,,,
libgit2,https://github.com/libgit2/libgit2/tree/58d9363f02f1fa39e46d49b604f27008e75b72f2,insert_record,deps/xdiff/xpatience.c:87,NT,Arithmetic,"if index starts by 0, the loop will continue forever",,,,
libgit2,https://github.com/libgit2/libgit2/tree/58d9363f02f1fa39e46d49b604f27008e75b72f2,write_at,src/libgit2/indexer.c/indexer.c:685,NT,Manifest,EINTR infinite loop on IO,,,,
libgit2,https://github.com/libgit2/libgit2/tree/58d9363f02f1fa39e46d49b604f27008e75b72f2,git_config_foreach_match,src/libgit2/config.c:626,T,Missing_Function,Use of git_config_next() and git_config_iterator_glob_new() global iterator confuses infer,,,,
libgit2,https://github.com/libgit2/libgit2/tree/58d9363f02f1fa39e46d49b604f27008e75b72f2,reference_path_available,src/libgit2/refdb_fs.c:1100,T,Missing_Function,Loop is driven by git_sortedcache_entrycount() which is just wrapper for git_vector_len(),,,,
libxml2,https://github.com/GNOME/libxml2/tree/c537ccf0aea640e625abce653d5890afc934b340,xmlRMutexLock,threads.c:233,NT,Concurrency,while (tok->held) pthread_cond_wait() pattern,,,,
libxml2,https://github.com/GNOME/libxml2/tree/c537ccf0aea640e625abce653d5890afc934b340,htmlSetMetaEncoding,HTMLtree.c:299,T,Fixed,Obvious FP: for (meta = head->children; meta != NULL; meta = meta->next),,,,
libxml2,https://github.com/GNOME/libxml2/tree/c537ccf0aea640e625abce653d5890afc934b340,xmlRelaxNGValidateState,relaxng.c:9541,T,Fixed,Obvious FP: while (child != NULL) child = child->next;,,,,
open5gs,https://github.com/open5gs/open5gs/tree/8f2d2ad4a6ea994b3c0f7361245068d50d371971,mod_sqrt,lib/crypt/ecc.c:1034,T,Fixed,for(i = vli_numBits(p1) - 1; i > 1; --i),,,,
open5gs,https://github.com/open5gs/open5gs/tree/8f2d2ad4a6ea994b3c0f7361245068d50d371971,fill_comment,lib/ipfw/ipfw2.c:3207,T,Fixed,Missing reasoning: for (i = 0; av[i] != NULL; i++) where i is modified but induction is on av[i],,,,
openssl,https://github.com/openssl/openssl/tree/7b4a56420d1718809d73aa3adf53d3e6c3a2ee91,async_start_func,crypto/async/async.c:150,NT,Concurrency,while (1) { async_fibre_swapcontext(); } may not terminate but are expected,,,,
openssl,https://github.com/openssl/openssl/tree/7b4a56420d1718809d73aa3adf53d3e6c3a2ee91,ossl_synchronize_rcu,crypto/threads_pthread.c:495,NT,Concurrency,while (lock) pthread_cond_wait() type of pattern,,,,
openssl,https://github.com/openssl/openssl/tree/7b4a56420d1718809d73aa3adf53d3e6c3a2ee91,update_qp,crypto/threads_pthread.c:418,NT,Concurrency,while (lock) pthread_cond_wait() type of pattern,,,,
openssl,https://github.com/openssl/openssl/tree/7b4a56420d1718809d73aa3adf53d3e6c3a2ee91,buffer_gets,crypto/bio/bf_buff.c:419,NT,Infinite_BIO,for (;;) { on a BIO_read may never terminate,,,,
openssl,https://github.com/openssl/openssl/tree/7b4a56420d1718809d73aa3adf53d3e6c3a2ee91,engine_list_cleanup,crypto/engine/eng_list.c:42,NT,Lack_Fuel,while (iterator != NULL) { ENGINE_remove(iterator); } where API may not change list,,,,
openssl,https://github.com/openssl/openssl/tree/7b4a56420d1718809d73aa3adf53d3e6c3a2ee91,rtor_notify_other_threads,ssl/quic/quic_reactor.c:414,NT,Concurrency,while (notify) ossl_crypto_condvar_wait() waits for another thread to break,,,,
openssl,https://github.com/openssl/openssl/tree/7b4a56420d1718809d73aa3adf53d3e6c3a2ee91,ossl_quic_reactor_leave_blocking_section,ssl/quic/quic_reactor.c:569,NT,Concurrency,while (notify) ossl_crypto_condvar_wait() waits for another thread to break,,,,
openssl,https://github.com/openssl/openssl/tree/7b4a56420d1718809d73aa3adf53d3e6c3a2ee91,CONF_parse_list,crypto/conf/conf_mod.c:730,T,Missing_Model,for (;;) loop will break based on return of strchr() and list_cb() callback (icall),,,,
openssl,https://github.com/openssl/openssl/tree/7b4a56420d1718809d73aa3adf53d3e6c3a2ee91,AES_ige_encrypt,crypto/aes/aes_ige.c:48,T,Fixed,Nested loop - should be marked terminating: for (n = 0; n < N_WORDS; ++n),,,,
openssl,https://github.com/openssl/openssl/tree/7b4a56420d1718809d73aa3adf53d3e6c3a2ee91,ossl_crypto_new_ex_data_ex,crypto/ex_data.c:219,T,Missing_Function,Loop terminating even given the indirect call as induction variable is not in callee scope,,,,
openssl,https://github.com/openssl/openssl/tree/7b4a56420d1718809d73aa3adf53d3e6c3a2ee91,i2r_IPAddressOrRanges,crypto/x509/v3_addr.c:172,T,Missing_Function,ossl_check_const_IPAddressOrRange_sk_type() drives loop termination but is unknown,,,,
proftpd,https://github.com/proftpd/proftpd/tree/5194296d8ecb7e9b1e53b5b5545b303a5deb320a,pr_inet_listen,src/inet.c:1354,NT,Socket_Loop,while (TRUE) if (listen() == EINT) continue,,,,
proftpd,https://github.com/proftpd/proftpd/tree/5194296d8ecb7e9b1e53b5b5545b303a5deb320a,rlock_scoreboard,utils/scoreboard.c:70,NT,Concurrency,Concurrency: expected fcntl() will block until mutex taken,,,,
proftpd,https://github.com/proftpd/proftpd/tree/5194296d8ecb7e9b1e53b5b5545b303a5deb320a,unlock_scoreboard,utils/scoreboard.c:97,NT,Concurrency,Concurrency: expected fcntl() will block until mutex taken,,,,
proftpd,https://github.com/proftpd/proftpd/tree/5194296d8ecb7e9b1e53b5b5545b303a5deb320a,util_scoreboard_scrub,utils/scoreboard.c:265,NT,Concurrency,Concurrency: expected fcntl() will block until mutex taken,,,,
proftpd,https://github.com/proftpd/proftpd/tree/5194296d8ecb7e9b1e53b5b5545b303a5deb320a,write_entry,src/scoreboard.c:332,NT ,Real_Bug,,,,,
proftpd,https://github.com/proftpd/proftpd/tree/5194296d8ecb7e9b1e53b5b5545b303a5deb320a,fgetpwent,lib/pwgrent.c:100,T,Assume_Finite,Finiteness of input: Read from protected file on disk which is guaranteed finite,,,,
proftpd,https://github.com/proftpd/proftpd/tree/5194296d8ecb7e9b1e53b5b5545b303a5deb320a,safe_token,src/support.c:838,T,Repeated_Loop,while (!PR_ISSPACE(**s) && **s) {,,,,
proftpd,https://github.com/proftpd/proftpd/tree/5194296d8ecb7e9b1e53b5b5545b303a5deb320a,find_extendedlogs,modules/mod_log.c:1003,T,Assume_Finite,Should assume finiteness of input: while (c != NULL) c = find_config_next2(),,,,
proftpd,https://github.com/proftpd/proftpd/tree/5194296d8ecb7e9b1e53b5b5545b303a5deb320a,pr_ipbind_add_binds,src/bindings.c:250,T,Assume_Finite,Should assume finiteness of input:  while (c != NULL) c = find_config_next(),,,,
proftpd,https://github.com/proftpd/proftpd/tree/5194296d8ecb7e9b1e53b5b5545b303a5deb320a,pr_env_unset,src/env.c:94,T,Assume_Finite,Should assume finiteness of environment read via pr_env_get(),,,,
proftpd,https://github.com/proftpd/proftpd/tree/5194296d8ecb7e9b1e53b5b5545b303a5deb320a,pr_throttle_init,src/throttle.c:93,T,Assume_Finite,Should assume finiteness of input:  while (c != NULL) c = find_config_next(),,,,
proftpd,https://github.com/proftpd/proftpd/tree/5194296d8ecb7e9b1e53b5b5545b303a5deb320a,process_opts,utils/ftptop.c:296,T,Assume_Finite,"Should assume finiteness of input + need external function summary: while ((optc = getopt(argc, argv, prgopts)) != -1)",,,,
proftpd,https://github.com/proftpd/proftpd/tree/5194296d8ecb7e9b1e53b5b5545b303a5deb320a,str_vreplace,src/str.c:32,T,Missing_Constraint,Missing constraint: iteration controlled in a different variable max_replaces not part of the induction variable,,,,
proftpd,https://github.com/proftpd/proftpd/tree/5194296d8ecb7e9b1e53b5b5545b303a5deb320a,pr_str_text_to_array,src/str.c:839,T,Missing_Model,Unknown function without summary: while (ptr != NULL) ptr = memchr(),,,,
proftpd,https://github.com/proftpd/proftpd/tree/5194296d8ecb7e9b1e53b5b5545b303a5deb320a,delay_table_init_lookup,modules/mod_delay.c:678,T,Fixed,Unknown cause: for (s = (server_rec *) server_list->xas_list; s; s = s->next),,,,
SQLite,https://github.com/sqlite/sqlite/tree/774ce0ba43b6e7bcd1d37197ecea7ae4da44fdb3,tplt_skip_header,tool/lemon.c:3753,NT,Real_Bug,"If file is a pipe, tplt_skip_header function could go on infinitely. It should have a maximum lines",,,,
SQLite,https://github.com/sqlite/sqlite/tree/774ce0ba43b6e7bcd1d37197ecea7ae4da44fdb3,tplt_linedir,sqlite/tool/lemon.c:3819,T,Assume_Finite,Should assume finiteness of input: unable to understand while (*filename) with filename++ in the loop,,,,
SQLite,https://github.com/sqlite/sqlite/tree/774ce0ba43b6e7bcd1d37197ecea7ae4da44fdb3,tplt_print,sqlite/tool/lemon.c:3563,T,Assume_Finite,Should assume finiteness of input: unable to understand that a string is finite while (*str) with str++ in the loop,,,,
wireshark,https://github.com/wireshark/wireshark/tree/9c16d833f0e23e7464ac995acb61a8b4e3c51d59,nl80211_do_cmd capture,capture/ws80211_utils.c:139,NT,Concurrency,Concurrency: Function nl_recvmsgs() will update err induction variable in while (err != 0),,,,
wireshark,https://github.com/wireshark/wireshark/tree/9c16d833f0e23e7464ac995acb61a8b4e3c51d59,thread_pool_wait,extcap.c:159,NT,Concurrency,Concurrency: thread is waiting for a condition to become true from another thread,,,,
wireshark,https://github.com/wireshark/wireshark/tree/9c16d833f0e23e7464ac995acb61a8b4e3c51d59,nl_get_multicast_id,dpauxmon.c:197,NT,Concurrency,Concurrency: nl_recvmsgs() registers callbacks that will make the ret variable go to 0 and break the loop,,,,
wireshark,https://github.com/wireshark/wireshark/tree/9c16d833f0e23e7464ac995acb61a8b4e3c51d59,cap_pipe_read_data_bytes,dumpcap.c:1731,T,Fixed,Unknown cause: wrongly flagged when local reasoning was sufficient,,,,
wireshark,https://github.com/wireshark/wireshark/tree/9c16d833f0e23e7464ac995acb61a8b4e3c51d59,pcap_pipe_open_live,dumpcap.c:2162,T,Fixed,Unknown cause: wrongly flagged when local reasoning was sufficient (maybe: goto breaking from loops),,,,
wireshark,https://github.com/wireshark/wireshark/tree/9c16d833f0e23e7464ac995acb61a8b4e3c51d59,try_convert_to_custom_column,epan/column.c:382,T,Fixed,Unknown cause: wrongly flagged when local reasoning was sufficient (maybe: Global variable involved in inductive cond),,,,
wireshark,https://github.com/wireshark/wireshark/tree/9c16d833f0e23e7464ac995acb61a8b4e3c51d59,cmp_test_internal,epan/dfilter/dfvm.c:1048,T,Fixed,Unknown cause: wrongly flagged when local reasoning was sufficient: for (size_t idx2 = 0; idx2 < fv2->len; idx2++),,,,
wireshark,https://github.com/wireshark/wireshark/tree/9c16d833f0e23e7464ac995acb61a8b4e3c51d59,prefs_6lowpan_apply,epan/dissectors/packet-6lowpan.c:3684,T,Fixed,Unknown cause: wrongly flagged when local reasoning was sufficient: for (i = 0; i < LOWPAN_CONTEXT_MAX; i++),,,,
wireshark,https://github.com/wireshark/wireshark/tree/9c16d833f0e23e7464ac995acb61a8b4e3c51d59,get_ipv6_suffix,epan/dissectors/packet-ipsec.c:711,T,Fixed,Unknown cause: wrongly flagged when local reasoning was sufficient: while ( (cpt_suffix < IPSEC_STRLEN_IPV6) && (ipv6_len - cpt -1 >= 0) && (found == FALSE)),,,,
wireshark,https://github.com/wireshark/wireshark/tree/9c16d833f0e23e7464ac995acb61a8b4e3c51d59,dissect_nbap_HSDSCH_Information_to_Modify,epan/dissectors/packet-nbap.c:24318,T,Fixed,Unknown cause: wrongly flagged when local reasoning was sufficient: for (i = 0; i < maxNrOfMACdFlows; i++) { ... } with maxNrOfMACdFlows is a constant 8,,,,
wireshark,https://github.com/wireshark/wireshark/tree/9c16d833f0e23e7464ac995acb61a8b4e3c51d59,set_ue_keys,epan/dissectors/packet-snmp.c:1481,T,Fixed,Unknown cause: wrongly flagged when local reasoning was sufficient: while (key_len < need_key_len) key_len += key_size with key_len is a constant,,,,
wireshark,https://github.com/wireshark/wireshark/tree/9c16d833f0e23e7464ac995acb61a8b4e3c51d59,ssh_keylog_process_lines,epan/dissectors/packet-ssh.c:2672,T,Missing_Function,inductive condition is based on return of memchr(),,,,
wireshark,https://github.com/wireshark/wireshark/tree/9c16d833f0e23e7464ac995acb61a8b4e3c51d59,ssh_choose_enc_mac,epan/dissectors/packet-ssh.c:3454,T,Fixed,Unknown cause: wrongly flagged when local reasoning was sufficient: for(int peer_cnt=0;peer_cnt<2;peer_cnt++),,,,
wireshark,https://github.com/wireshark/wireshark/tree/9c16d833f0e23e7464ac995acb61a8b4e3c51d59,get_body_parts,epan/dissectors/packet-umts_mac.c:855,T,Fixed,Call to malloc (wrapped) in loop that otherwise looks like terminating just fine as malloc should not influence local variable i,,,,
wireshark,https://github.com/wireshark/wireshark/tree/9c16d833f0e23e7464ac995acb61a8b4e3c51d59,xmpp_steal_element_by_names,epan/dissectors/packet-xmpp-utils.c:447,T,Fixed,Unknown cause: Call to a function in a loop whose induction variable comes from parameter and looks correctly used as loop bound,,,,
wireshark,https://github.com/wireshark/wireshark/tree/9c16d833f0e23e7464ac995acb61a8b4e3c51d59,write_csv_column_titles,epan/print.c:1603,T,Fixed,"Unknown cause: Call to a function in a loop whose induction variable comes from a field of parameter, which looks correctly used as bound",,,,
wireshark,https://github.com/wireshark/wireshark/tree/9c16d833f0e23e7464ac995acb61a8b4e3c51d59,write_csv_columns,epan/print.c:1621,T,Fixed,"Unknown cause: Call to a function in a loop whose induction variable comes from a field of parameter, which looks correctly used as bound",,,,
wireshark,https://github.com/wireshark/wireshark/tree/9c16d833f0e23e7464ac995acb61a8b4e3c51d59,output_fields_prime_edt,epan/print.c:2310,T,Fixed,Unknown cause: Use of field in GPtrArray (Glib) len which will correctly iterate the loop and eventually terminate. Is GPtrArray an unknown type from Glib?,,,,
wireshark,https://github.com/wireshark/wireshark/tree/9c16d833f0e23e7464ac995acb61a8b4e3c51d59,rel_oid_str_to_bytes,epan/strutil.c:478,T,Missing_Constraint,while (*p) { ... p++; } should assume finiteness of input,,,,
wireshark,https://github.com/wireshark/wireshark/tree/9c16d833f0e23e7464ac995acb61a8b4e3c51d59,tap_listeners_dfilter_recompile,epan/tap.c:699,T,Fixed,"Unknown cause: for loop is iterating over a list, which is correct if list is finite",,,,
wireshark,https://github.com/wireshark/wireshark/tree/9c16d833f0e23e7464ac995acb61a8b4e3c51d59,extcap_get_extcap_paths_from_dir,extcap.c:243,T,Missing_Function,g_dir_read function from glib is driving the recursion,,,,
wireshark,https://github.com/wireshark/wireshark/tree/9c16d833f0e23e7464ac995acb61a8b4e3c51d59,run_capture_ios,extcap/ciscodump.c:1543,T,Missing_Function,strtok() will drive breaking the loop and should be marked as returning NULL when input parameter str is NULL,,,,
wireshark,https://github.com/wireshark/wireshark/tree/9c16d833f0e23e7464ac995acb61a8b4e3c51d59,run_capture_asa,extcap/ciscodump.c:1934,T,Missing_Function,g_strstr_len() from glib is driving the recursion,,,,
wireshark,https://github.com/wireshark/wireshark/tree/9c16d833f0e23e7464ac995acb61a8b4e3c51d59,extcap_tokenize_sentences,extcap_parser.c:228,T,Fixed,Constraints done on list_iter++ but while (*list_iter) is used e.g. expect constraint on the pointed value,,,,
wireshark,https://github.com/wireshark/wireshark/tree/9c16d833f0e23e7464ac995acb61a8b4e3c51d59,df_func_ip_special_name,plugins/epan/dfilter/ipaddr/ipaddr.c:47,T,Fixed,Unknown cause: for (unsigned i = 0; o < arg->len; i++) should be classified as finite,,,,
wireshark,https://github.com/wireshark/wireshark/tree/9c16d833f0e23e7464ac995acb61a8b4e3c51d59,analyze_transform_hfrs,plugins/epan/mate/mate_setup.c:240,T,Missing_Function,"Loop driven by call to extern func: while (avp = get_next_avp(t->replace,&cookie))",,,,
wireshark,https://github.com/wireshark/wireshark/tree/9c16d833f0e23e7464ac995acb61a8b4e3c51d59,tplt_print,tools/lemon/lemon.c:3708,T,Missing_Constraint,while (*str) str++ pattern should assume finiteness of input,,,,
wireshark,https://github.com/wireshark/wireshark/tree/9c16d833f0e23e7464ac995acb61a8b4e3c51d59,add_extensions,wiretap/file_access.c:113,T,Missing_Function,External function g_slist_next from glib is driving the loop,,,,
wireshark,https://github.com/wireshark/wireshark/tree/9c16d833f0e23e7464ac995acb61a8b4e3c51d59,add_extensions_for_file_extensions_type,wiretap/file_access.c:252,T,Assume_Finite,for (extensionp = extensions_set; *extensionp != NULL; extensionp++) should assume finiteness of input,,,,
wireshark,https://github.com/wireshark/wireshark/tree/9c16d833f0e23e7464ac995acb61a8b4e3c51d59,wtap_get_all_capture_file_extensions_list,wiretap/file_access.c:2043,T,Fixed,Loop induction depends on glib type GArray not defined in the project,,,,
wireshark,https://github.com/wireshark/wireshark/tree/9c16d833f0e23e7464ac995acb61a8b4e3c51d59,merge_files,wiretap/merge.c:1492,T,Fixed,Unknown cause: for (i = 0; i < in_file_count; i++) should be proved terminating,,,,
wireshark,https://github.com/wireshark/wireshark/tree/9c16d833f0e23e7464ac995acb61a8b4e3c51d59,wtap_block_free_options,wiretap/wtap_opttypes.c:383,T,Fixed,for (i = 0; i < block->options->len; i++) is terminating where options is a GArray not defined in the project,,,,
wireshark,https://github.com/wireshark/wireshark/tree/9c16d833f0e23e7464ac995acb61a8b4e3c51d59,wtap_block_foreach_option,wiretap/wtap_opttypes.c:600,T,Fixed,for (i = 0; i < block->options->len; i++) is terminating where options is a GArray not defined in the project,,,,
wireshark,https://github.com/wireshark/wireshark/tree/9c16d833f0e23e7464ac995acb61a8b4e3c51d59,_strdup_vasprintf,wsutil/wmem/wmem_strutl.c:67,T,Fixed,Location is inside a macro but error message does not say which one,,,,
